分区,日期,地址,名字,描述
安卓资源,2023-02-10,https://ruanjianku.cloud/mx-player/,MX player 1.58.0/Pro版 1.57.30 去广告版 可做盒子播放器,"一直以来，在播放器里面，电脑端大家最熟知的、使用最多的恐怕就是potplayer了，potplayer确实很强大，不过一直只有电脑版。如今移动端或者说电视端对播放器的……
"
安卓资源,2023-03-02,https://ruanjianku.cloud/youziyingshi/,柚子影视 Ver.3.9 多影视源 去广告版,"汇聚了海量的优质影视动漫资源的追剧App，通过该软件你能实时观看最新最热门的影视番剧，高清流畅、可放心观看！拥有丰富的视频类型，包括美剧、韩剧、日剧、……
"
电脑软件,2023-03-01,https://ruanjianku.cloud/playerfab-ultra/,4K播放器 PlayerFab Ultra 7.0.3.7 中文永久激活版,"PlayerFab Ultra是一流的超高清播放器软件，拥有独特的 TrueTheater 影像增强技术和蓝光3D播放引擎功能，可以播放DVD光盘、蓝光原盘和 4K UHD/HEVC (H.265) 超……
"
视频教程,2023-03-01,https://ruanjianku.cloud/rjkapp/,搭建自己的软件库APP,"软件库源码：https://wwp.lanzouf.com/iRsoO084ujmj 或自己在网上找
搭建流程： 1）准备VPS 域名先解析VPS IP
2）finalshell连接VPS 安装了宝塔 https://www.b……
"
安卓资源,2023-03-01,https://ruanjianku.cloud/musicfree/,MusicFree(音乐播放器) v0.1.0-alpha.3 全新插件接口,"接口：https://gitee.com/maotoumao/MusicFreePlugins/raw/master/plugins.json
musicfree是由一个叫猫头猫的网友开发的开源项目，定义为一个插件化、定制化、……
"
电脑软件,2023-03-01,https://ruanjianku.cloud/morin/,魔音Morin 2.7.2.0 高清MV|在线听|无损下载,"魔音Morin，一款界面非常简约、干净的电脑版音乐软件；软件整合了几大主流平台的音乐资源，不管是在线听还是下载，不管是付费资源还是VIP歌曲，在这里，都无任……
"
安卓资源,2023-03-01,https://ruanjianku.cloud/tiktok/,TikTok28.04去广告 去水印解除封锁版,"抖音国际版TikTok28去广告 去水印解除封锁版
特点描述
by DEXUNPACKER for TG
- 去所有广告、去保存视频水印
- 内置自定义全球区域功能向导
- 可以自定义视频……
"
安卓资源,2023-03-01,https://ruanjianku.cloud/pingduoduo/,拼多多谷歌版 v6.48.0 GooglePlay,"貌似现在用拼多多的人越来越多了，很多人以前只是在拼多多买点无关紧要的小商品，自从拼多多开启百亿补贴之后，越来越多的人开始在拼多多入手数码、电器等高价……
"
电脑软件,2023-02-28,https://ruanjianku.cloud/heu-kms-activator-2/,离线激活工具 HEU KMS Activator v30.0.0 全能激活神器,"HEU KMS Activator是一款适用于 Windows、Office 及 VL 版本，无需联网即可一键激活，适用所有Windows, Office版本，离线全自动激活软件。
&nbsp;
&nbsp;
&nb……
"
安卓资源,2023-02-28,https://ruanjianku.cloud/qinglijun/,清浊app(安卓垃圾清理工具)v1.9.6清浊高级版,"手机用久了就容易产生大量垃圾文件，并且无法清理干净，之前给大家分享了好几款不错的清理软件，如清浊、雪豹速清等等，那么今天再给大家推荐一款。安卓清理君……
"
安卓资源,2023-02-28,https://ruanjianku.cloud/lanzouyun/,蓝云APP(第三方蓝奏云盘安卓客户端)v1.3.0.0,"蓝云app是一款第三方蓝奏云安卓客户端软件,蓝云安卓版支持手机上传文件,分享链接生成二维码.提供蓝奏云盘官方版所有功能以外的特色功能,例如:全盘文件搜索,蓝……
"
源码资源,2023-03-02,https://ruanjianku.cloud/wordpress-6-1-1-%e6%9c%80%e6%96%b0%e7%89%88/,WordPress-6.1.1 最新版,"WordPress WordPress是一款能让您建立出色网站、博客或应用程序的开源软件。 美观的设计,强大的功能,助您自由发挥心中所想。WordPress既是免费的,也是无价的。……
"
安卓资源,2023-03-02,https://ruanjianku.cloud/telegram/,TelegramVer.9.4.9 V2_Mod_Tmoe,"内置TMoe模块，可以解锁电报会员功能，此版本还解决在安卓13闪退的问题，打开设置 Tmoe自己设置想要的功能，Telegram又称电报，全球最牛逼的通讯软件，秒杀国……
"
安卓资源,2023-03-02,https://ruanjianku.cloud/quanjude/,全剧得 2.3.1 会员版 请勿在国内分享,"全剧得app最新版是一款免费影视App软件，海外华人必备的一款追剧工具，它完全永久免费，不需要注册就能观看全球多节点，影视剧、短视频、电视、球赛直播等应有……
"
安卓资源,2023-03-02,https://ruanjianku.cloud/youziyingshi/,柚子影视 Ver.3.9 多影视源 去广告版,"汇聚了海量的优质影视动漫资源的追剧App，通过该软件你能实时观看最新最热门的影视番剧，高清流畅、可放心观看！拥有丰富的视频类型，包括美剧、韩剧、日剧、……
"
电脑软件,2023-03-01,https://ruanjianku.cloud/playerfab-ultra/,4K播放器 PlayerFab Ultra 7.0.3.7 中文永久激活版,"PlayerFab Ultra是一流的超高清播放器软件，拥有独特的 TrueTheater 影像增强技术和蓝光3D播放引擎功能，可以播放DVD光盘、蓝光原盘和 4K UHD/HEVC (H.265) 超……
"
视频教程,2023-03-01,https://ruanjianku.cloud/rjkapp/,搭建自己的软件库APP,"软件库源码：https://wwp.lanzouf.com/iRsoO084ujmj 或自己在网上找
搭建流程： 1）准备VPS 域名先解析VPS IP
2）finalshell连接VPS 安装了宝塔 https://www.b……
"
安卓资源,2023-03-01,https://ruanjianku.cloud/musicfree/,MusicFree(音乐播放器) v0.1.0-alpha.3 全新插件接口,"接口：https://gitee.com/maotoumao/MusicFreePlugins/raw/master/plugins.json
musicfree是由一个叫猫头猫的网友开发的开源项目，定义为一个插件化、定制化、……
"
电脑软件,2023-03-01,https://ruanjianku.cloud/morin/,魔音Morin 2.7.2.0 高清MV|在线听|无损下载,"魔音Morin，一款界面非常简约、干净的电脑版音乐软件；软件整合了几大主流平台的音乐资源，不管是在线听还是下载，不管是付费资源还是VIP歌曲，在这里，都无任……
"
安卓资源,2023-03-01,https://ruanjianku.cloud/tiktok/,TikTok28.04去广告 去水印解除封锁版,"抖音国际版TikTok28去广告 去水印解除封锁版
特点描述
by DEXUNPACKER for TG
- 去所有广告、去保存视频水印
- 内置自定义全球区域功能向导
- 可以自定义视频……
"
安卓资源,2023-03-01,https://ruanjianku.cloud/pingduoduo/,拼多多谷歌版 v6.48.0 GooglePlay,"貌似现在用拼多多的人越来越多了，很多人以前只是在拼多多买点无关紧要的小商品，自从拼多多开启百亿补贴之后，越来越多的人开始在拼多多入手数码、电器等高价……
"
TV软件,2023-03-04,https://ruanjianku.cloud/aliyunpan/,阿里网盘小白羊版 v3.10.24 修复版,"虽说目前网盘市场老大哥依旧还是百度，但后来者也是越来越多，像阿里云盘、123网盘、夸克网盘等等。相对来说，阿里云盘是比较好用的，同时也因阿里开放了接口……
"
TV软件,2023-03-04,https://ruanjianku.cloud/dangbei/,当贝播放器TV v1.3.9 支持阿里网盘,"由于宽带以及各类硬件设备的发展提升，现如今大家对于居家看剧看电影的要求也越来越高；就说片源方面，早几年几个G的片子觉的非常清楚了，现在看都不想看。越……
"
安卓资源,2023-03-04,https://ruanjianku.cloud/jinritoutiao/,今日头条APP_v9.2.0 去广告版今日头条最新版,"今日头条是国内目前自媒体用户最多的资讯平台.今日头条app是一款基于数据化挖掘的个性化新闻资讯推送应用,有热点新闻/直播/短视频,大量自媒体入驻,采用AI算法……
"
TV软件,2023-03-04,https://ruanjianku.cloud/xiaopingguo/,小苹果影视盒子1.0.7 去广告版,"时至今日，TVbox作为一个开源的TV端播放器确实越来越专业，一直不断叠加各种新功能，我之前也说过，以后会有很多人选择用它来打造tv端软件。
那这一次，作为目……
"
电脑软件,2023-03-04,https://ruanjianku.cloud/ccleaner/,垃圾清理软件 CCleaner 6.08.10255 免装注册专业便携版,"CCleaner 是一款由梨子公司（Piriform）开发的系统优化和隐私保护软件，不仅在国外用户众多，在国内用的人也非常多。它可以清除Windows系统不再使用的垃圾文件……
"
源码资源,2023-03-02,https://ruanjianku.cloud/wordpress-6-1-1-%e6%9c%80%e6%96%b0%e7%89%88/,WordPress-6.1.1 最新版,"WordPress WordPress是一款能让您建立出色网站、博客或应用程序的开源软件。 美观的设计,强大的功能,助您自由发挥心中所想。WordPress既是免费的,也是无价的。……
"
安卓资源,2023-03-02,https://ruanjianku.cloud/telegram/,TelegramVer.9.4.9 V2_Mod_Tmoe,"内置TMoe模块，可以解锁电报会员功能，此版本还解决在安卓13闪退的问题，打开设置 Tmoe自己设置想要的功能，Telegram又称电报，全球最牛逼的通讯软件，秒杀国……
"
安卓资源,2023-03-02,https://ruanjianku.cloud/quanjude/,全剧得 2.3.1 会员版 请勿在国内分享,"全剧得app最新版是一款免费影视App软件，海外华人必备的一款追剧工具，它完全永久免费，不需要注册就能观看全球多节点，影视剧、短视频、电视、球赛直播等应有……
"
安卓资源,2023-03-02,https://ruanjianku.cloud/youziyingshi/,柚子影视 Ver.3.9 多影视源 去广告版,"汇聚了海量的优质影视动漫资源的追剧App，通过该软件你能实时观看最新最热门的影视番剧，高清流畅、可放心观看！拥有丰富的视频类型，包括美剧、韩剧、日剧、……
"
电脑软件,2023-03-01,https://ruanjianku.cloud/playerfab-ultra/,4K播放器 PlayerFab Ultra 7.0.3.7 中文永久激活版,"PlayerFab Ultra是一流的超高清播放器软件，拥有独特的 TrueTheater 影像增强技术和蓝光3D播放引擎功能，可以播放DVD光盘、蓝光原盘和 4K UHD/HEVC (H.265) 超……
"
安卓资源,2023-03-05,https://ruanjianku.cloud/1dm/,1DM_v15.8 解锁版,"1DM下载器是国内外优秀下载工具，本站为大家分享的是安卓版本。经常上网找资源的网友都了解，这是款下载神器。它能够绿色极速下载音乐、视频、图片以及种子文……
"
安卓资源,2023-03-05,https://ruanjianku.cloud/newpipe/,NewPipe 第三方油管_v0.25.0_BlackMod,"ewpipe安卓app最新版是一款专为广大喜欢在手机上面下载视频的朋友们准备的软件！这款软件能够帮助大家轻松下载各种有趣的视频，让你时时刻刻享受视觉盛宴！如……
"
安卓资源,2023-03-05,https://ruanjianku.cloud/zhengdian/,整点视频2.6.1 去广告版,"整点视频app正因为有海量视频，才能恰逢你的喜好，虽然有海量视频，但只为你呈现你的喜好。你的每一次使用都会让我们懂你一点、更懂你一点。
&nbsp;
点击这里……
"
安卓资源,2023-03-05,https://ruanjianku.cloud/zarchiverpro/,ZArchiverPro_V1.0.7解锁专业功能,"Zarchiver pro手机版是一款功能十分强大的手机解压缩软件，该软件不仅拥有着十分干净简洁的中文界面，而且它还有着多种主题特效，可以给予你很好的既视感。当……
"
TV软件,2023-03-04,https://ruanjianku.cloud/aliyunpan/,阿里网盘小白羊版 v3.10.24 修复版,"虽说目前网盘市场老大哥依旧还是百度，但后来者也是越来越多，像阿里云盘、123网盘、夸克网盘等等。相对来说，阿里云盘是比较好用的，同时也因阿里开放了接口……
"
TV软件,2023-03-04,https://ruanjianku.cloud/dangbei/,当贝播放器TV v1.3.9 支持阿里网盘,"由于宽带以及各类硬件设备的发展提升，现如今大家对于居家看剧看电影的要求也越来越高；就说片源方面，早几年几个G的片子觉的非常清楚了，现在看都不想看。越……
"
安卓资源,2023-03-04,https://ruanjianku.cloud/jinritoutiao/,今日头条APP_v9.2.0 去广告版今日头条最新版,"今日头条是国内目前自媒体用户最多的资讯平台.今日头条app是一款基于数据化挖掘的个性化新闻资讯推送应用,有热点新闻/直播/短视频,大量自媒体入驻,采用AI算法……
"
TV软件,2023-03-04,https://ruanjianku.cloud/xiaopingguo/,小苹果影视盒子1.0.7 去广告版,"时至今日，TVbox作为一个开源的TV端播放器确实越来越专业，一直不断叠加各种新功能，我之前也说过，以后会有很多人选择用它来打造tv端软件。
那这一次，作为目……
"
电脑软件,2023-03-04,https://ruanjianku.cloud/ccleaner/,垃圾清理软件 CCleaner 6.08.10255 免装注册专业便携版,"CCleaner 是一款由梨子公司（Piriform）开发的系统优化和隐私保护软件，不仅在国外用户众多，在国内用的人也非常多。它可以清除Windows系统不再使用的垃圾文件……
"
源码资源,2023-03-02,https://ruanjianku.cloud/wordpress-6-1-1-%e6%9c%80%e6%96%b0%e7%89%88/,WordPress-6.1.1 最新版,"WordPress WordPress是一款能让您建立出色网站、博客或应用程序的开源软件。 美观的设计,强大的功能,助您自由发挥心中所想。WordPress既是免费的,也是无价的。……
"
安卓资源,2023-03-06,https://ruanjianku.cloud/yuzhou/,宇宙工具箱 Ver.1.5.8 多功能工具箱 会员解锁版,"宇宙工具箱破解版免费等你来享，此版本已为你解锁vip特权，所有付费功能全部免费畅享，
这里有你所需要的诸多功能，一站式满足你的各种需求，
&nbsp;
&nbsp;
……
"
安卓资源,2023-03-06,https://ruanjianku.cloud/qimao/,七猫免费小说7.16 解锁会员,"七猫免费小说是一款提供小说阅读服务的软件。小说内容覆盖了总裁豪门小说、言情小说、穿越架空小说、玄幻小说、青春校园小说、修仙小说、悬疑小说、同人小说、……
"
安卓资源,2023-03-06,https://ruanjianku.cloud/ysgc/,影视工场 Ver.3.0.0 去广告版,"影视工场是一款超级超级无敌巨好用的手机影视播放器，超多热门影视内容应有尽有，全网影视统统帮你一网打尽，不论是当下影院最新热播，还是vip付费电视，都可……
"
安卓资源,2023-03-05,https://ruanjianku.cloud/1dm/,1DM_v15.8 解锁版,"1DM下载器是国内外优秀下载工具，本站为大家分享的是安卓版本。经常上网找资源的网友都了解，这是款下载神器。它能够绿色极速下载音乐、视频、图片以及种子文……
"
安卓资源,2023-03-05,https://ruanjianku.cloud/newpipe/,NewPipe 第三方油管_v0.25.0_BlackMod,"ewpipe安卓app最新版是一款专为广大喜欢在手机上面下载视频的朋友们准备的软件！这款软件能够帮助大家轻松下载各种有趣的视频，让你时时刻刻享受视觉盛宴！如……
"
安卓资源,2023-03-05,https://ruanjianku.cloud/zhengdian/,整点视频2.6.1 去广告版,"整点视频app正因为有海量视频，才能恰逢你的喜好，虽然有海量视频，但只为你呈现你的喜好。你的每一次使用都会让我们懂你一点、更懂你一点。
&nbsp;
点击这里……
"
安卓资源,2023-03-05,https://ruanjianku.cloud/zarchiverpro/,ZArchiverPro_V1.0.7解锁专业功能,"Zarchiver pro手机版是一款功能十分强大的手机解压缩软件，该软件不仅拥有着十分干净简洁的中文界面，而且它还有着多种主题特效，可以给予你很好的既视感。当……
"
TV软件,2023-03-04,https://ruanjianku.cloud/aliyunpan/,阿里网盘小白羊版 v3.10.24 修复版,"虽说目前网盘市场老大哥依旧还是百度，但后来者也是越来越多，像阿里云盘、123网盘、夸克网盘等等。相对来说，阿里云盘是比较好用的，同时也因阿里开放了接口……
"
TV软件,2023-03-04,https://ruanjianku.cloud/dangbei/,当贝播放器TV v1.3.9 支持阿里网盘,"由于宽带以及各类硬件设备的发展提升，现如今大家对于居家看剧看电影的要求也越来越高；就说片源方面，早几年几个G的片子觉的非常清楚了，现在看都不想看。越……
"
安卓资源,2023-03-04,https://ruanjianku.cloud/jinritoutiao/,今日头条APP_v9.2.0 去广告版今日头条最新版,"今日头条是国内目前自媒体用户最多的资讯平台.今日头条app是一款基于数据化挖掘的个性化新闻资讯推送应用,有热点新闻/直播/短视频,大量自媒体入驻,采用AI算法……
"
安卓资源,2023-03-07,https://ruanjianku.cloud/lekan/,乐看视频 v15.5.2 VIP版 支持投屏,"乐看视频是一款专注于蓝光画质的聚合影视搜索引擎APP，提供高质量的追剧体验。软件原版优质路线需要VIP或者需要观看广告，此版本：解锁VIP线路，无须观看广告……
"
电脑软件,2023-03-07,https://ruanjianku.cloud/visual/,微软常用运行库Visual C++ 合集_2023.03.03,"大家在使用电脑的时候肯定有不少人遇到过这样的情况，启动某些软件时提示“找不到msvcp140.dll”、“应用程序的并行配置不正确”等等。很多人会以为是软件的问题，……
"
电脑软件,2023-03-07,https://ruanjianku.cloud/win11/,Win11优化 Windows 11 Manager v1.2.2 免激活便携版,"Windows 11   Manager，Win11优化管家，香港Yamicsoft公司开发的集Windows11所有功能于一身的系统优化软件，提供40多个实用程序来优化，调整，清理，加速和修……
"
安卓资源,2023-03-07,https://ruanjianku.cloud/kuwoyinyue/,酷我音乐 v10.3.6.3 豪华VIP安卓精简版,"酷我音乐拥有曲库量近2000万首，与100余家唱片公司签署独家代理版权，拥有海量歌曲，是手机听歌必备软件；但遗憾的是很多都是要会员才能听，今天就给大家分享……
"
安卓资源,2023-03-07,https://ruanjianku.cloud/telegram-tmoe/,TelegramVer.9.4.9 V1_Mod_Tmoe,"内置TMoe (https://github.com/cinit/TMoe)模块，激活本模块后，在 Telegram 客户端的设置中点击 ""TMoe 设置"" 即可开关对应功能，非常方便。
&nbsp;
&nbsp;
&……
"
安卓资源,2023-03-07,https://ruanjianku.cloud/clicli/,CliCli动漫 Ver.1.0.12 追番神器 去广告版,"超多漫画资源，实时进行更新，汇集各种风格的漫画，软件汇集了丰富的漫画资源，所有漫画免费阅读观看，各种类型的漫画资源一应俱全，如二次元，校园，都市，恋……
"
安卓资源,2023-03-06,https://ruanjianku.cloud/yuzhou/,宇宙工具箱 Ver.1.5.8 多功能工具箱 会员解锁版,"宇宙工具箱破解版免费等你来享，此版本已为你解锁vip特权，所有付费功能全部免费畅享，
这里有你所需要的诸多功能，一站式满足你的各种需求，
&nbsp;
&nbsp;
……
"
安卓资源,2023-03-06,https://ruanjianku.cloud/qimao/,七猫免费小说7.16 解锁会员,"七猫免费小说是一款提供小说阅读服务的软件。小说内容覆盖了总裁豪门小说、言情小说、穿越架空小说、玄幻小说、青春校园小说、修仙小说、悬疑小说、同人小说、……
"
安卓资源,2023-03-06,https://ruanjianku.cloud/ysgc/,影视工场 Ver.3.0.0 去广告版,"影视工场是一款超级超级无敌巨好用的手机影视播放器，超多热门影视内容应有尽有，全网影视统统帮你一网打尽，不论是当下影院最新热播，还是vip付费电视，都可……
"
安卓资源,2023-03-05,https://ruanjianku.cloud/1dm/,1DM_v15.8 解锁版,"1DM下载器是国内外优秀下载工具，本站为大家分享的是安卓版本。经常上网找资源的网友都了解，这是款下载神器。它能够绿色极速下载音乐、视频、图片以及种子文……
"
安卓资源,2023-03-08,https://ruanjianku.cloud/chelaile/,车来了 v4.15.4 去除广告版 精准公交by 小叶夕阳(@xyxyspace),"现如今各种东西都陆续接入互联网，实时掌控动态，比如公交车、地铁；公交地铁联网之后，乘客们就可以通过网络实时了解车次的运行状态，什么时候到站，目前在哪……
"
安卓资源,2023-03-08,https://ruanjianku.cloud/xplayer/,XPlayer v2.3.4.2 解锁高级会员版,"说起播放器，一般来说PC端的播放器有potplayer《PotPlayer v1.7.21620 去广告绿色版》，手机端有mxplayer《MX player 1.43.13/Pro版 1.42.13 去广告版 可做盒……
"
安卓资源,2023-03-08,https://ruanjianku.cloud/wps-office/,安卓 WPS Office v17.3.0 国际版 解锁高级版,"WPS Office一站式办公服务平台,具有可兼容Word、Excel、PPT三大办公组件的不同格式,支持PDF文档的编辑与格式转换集成思维导图、流程图、表单等功能。
&nbsp;
……
"
电脑软件,2023-03-08,https://ruanjianku.cloud/sougou/,搜狗输入法电脑版 v13.3.0.6965 精简纯净版,"* 去广告，精简优化，免升级，有效阻止程序相关广告弹窗！
* 纯净无广告，无多余干扰提示，默认无不必要联网程序驻留！
* 默认阻止检测升级请求、下载释放广告……
"
安卓资源,2023-03-08,https://ruanjianku.cloud/mo1-2-7/,MO1.2.7 解锁会员版,"有的小伙伴需要这类APP,现在修改了一个，默默看视频就好了，请勿相信视频里的任何广告。你要是相信里面的广告还是被骗，我能说啥呢。
&nbsp;
再次提醒请勿相信……
"
安卓资源,2023-03-07,https://ruanjianku.cloud/zarchiverpro/,ZArchiverPro_V1.0.7解锁专业功能,"Zarchiver pro手机版是一款功能十分强大的手机解压缩软件，该软件不仅拥有着十分干净简洁的中文界面，而且它还有着多种主题特效，可以给予你很好的既视感。当……
"
安卓资源,2023-03-07,https://ruanjianku.cloud/lekan/,乐看视频 v15.5.2 VIP版 支持投屏,"乐看视频是一款专注于蓝光画质的聚合影视搜索引擎APP，提供高质量的追剧体验。软件原版优质路线需要VIP或者需要观看广告，此版本：解锁VIP线路，无须观看广告……
"
电脑软件,2023-03-07,https://ruanjianku.cloud/visual/,微软常用运行库Visual C++ 合集_2023.03.03,"大家在使用电脑的时候肯定有不少人遇到过这样的情况，启动某些软件时提示“找不到msvcp140.dll”、“应用程序的并行配置不正确”等等。很多人会以为是软件的问题，……
"
电脑软件,2023-03-07,https://ruanjianku.cloud/win11/,Win11优化 Windows 11 Manager v1.2.2 免激活便携版,"Windows 11   Manager，Win11优化管家，香港Yamicsoft公司开发的集Windows11所有功能于一身的系统优化软件，提供40多个实用程序来优化，调整，清理，加速和修……
"
安卓资源,2023-03-07,https://ruanjianku.cloud/kuwoyinyue/,酷我音乐 v10.3.6.3 豪华VIP安卓精简版,"酷我音乐拥有曲库量近2000万首，与100余家唱片公司签署独家代理版权，拥有海量歌曲，是手机听歌必备软件；但遗憾的是很多都是要会员才能听，今天就给大家分享……
"
安卓资源,2023-03-08,https://ruanjianku.cloud/chelaile/,车来了 v4.15.4 去除广告版 精准公交by 小叶夕阳(@xyxyspace),"现如今各种东西都陆续接入互联网，实时掌控动态，比如公交车、地铁；公交地铁联网之后，乘客们就可以通过网络实时了解车次的运行状态，什么时候到站，目前在哪……
"
安卓资源,2023-03-08,https://ruanjianku.cloud/wps-office/,安卓 WPS Office v17.3.0 国际版 解锁高级版,"WPS Office一站式办公服务平台,具有可兼容Word、Excel、PPT三大办公组件的不同格式,支持PDF文档的编辑与格式转换集成思维导图、流程图、表单等功能。
&nbsp;
……
"
电脑软件,2023-03-08,https://ruanjianku.cloud/sougou/,搜狗输入法电脑版 v13.3.0.6965 精简纯净版,"* 去广告，精简优化，免升级，有效阻止程序相关广告弹窗！
* 纯净无广告，无多余干扰提示，默认无不必要联网程序驻留！
* 默认阻止检测升级请求、下载释放广告……
"
安卓资源,2023-03-08,https://ruanjianku.cloud/mo1-2-7/,MO1.2.7 解锁会员版,"有的小伙伴需要这类APP,现在修改了一个，默默看视频就好了，请勿相信视频里的任何广告。你要是相信里面的广告还是被骗，我能说啥呢。
&nbsp;
再次提醒请勿相信……
"
安卓资源,2023-03-07,https://ruanjianku.cloud/lekan/,乐看视频 v15.5.2 VIP版 支持投屏,"乐看视频是一款专注于蓝光画质的聚合影视搜索引擎APP，提供高质量的追剧体验。软件原版优质路线需要VIP或者需要观看广告，此版本：解锁VIP线路，无须观看广告……
"
电脑软件,2023-03-07,https://ruanjianku.cloud/visual/,微软常用运行库Visual C++ 合集_2023.03.03,"大家在使用电脑的时候肯定有不少人遇到过这样的情况，启动某些软件时提示“找不到msvcp140.dll”、“应用程序的并行配置不正确”等等。很多人会以为是软件的问题，……
"
安卓资源,2023-03-07,https://ruanjianku.cloud/kuwoyinyue/,酷我音乐 v10.3.6.3 豪华VIP安卓精简版,"酷我音乐拥有曲库量近2000万首，与100余家唱片公司签署独家代理版权，拥有海量歌曲，是手机听歌必备软件；但遗憾的是很多都是要会员才能听，今天就给大家分享……
"
安卓资源,2023-03-07,https://ruanjianku.cloud/telegram-tmoe/,TelegramVer.9.4.9 V1_Mod_Tmoe,"内置TMoe (https://github.com/cinit/TMoe)模块，激活本模块后，在 Telegram 客户端的设置中点击 ""TMoe 设置"" 即可开关对应功能，非常方便。
&nbsp;
&nbsp;
&……
"
安卓资源,2023-03-07,https://ruanjianku.cloud/clicli/,CliCli动漫 Ver.1.0.12 追番神器 去广告版,"超多漫画资源，实时进行更新，汇集各种风格的漫画，软件汇集了丰富的漫画资源，所有漫画免费阅读观看，各种类型的漫画资源一应俱全，如二次元，校园，都市，恋……
"
安卓资源,2023-03-06,https://ruanjianku.cloud/yuzhou/,宇宙工具箱 Ver.1.5.8 多功能工具箱 会员解锁版,"宇宙工具箱破解版免费等你来享，此版本已为你解锁vip特权，所有付费功能全部免费畅享，
这里有你所需要的诸多功能，一站式满足你的各种需求，
&nbsp;
&nbsp;
……
"
安卓资源,2023-03-10,https://ruanjianku.cloud/kuwozuixin/,酷我音乐 v10.3.6.4 豪华VIP安卓精简版,"酷我音乐拥有曲库量近2000万首，与100余家唱片公司签署独家代理版权，拥有海量歌曲，是手机听歌必备软件；但遗憾的是很多都是要会员才能听，今天就给大家分享……
"
安卓资源,2023-03-08,https://ruanjianku.cloud/chelaile/,车来了 v4.15.4 去除广告版 精准公交by 小叶夕阳(@xyxyspace),"现如今各种东西都陆续接入互联网，实时掌控动态，比如公交车、地铁；公交地铁联网之后，乘客们就可以通过网络实时了解车次的运行状态，什么时候到站，目前在哪……
"
安卓资源,2023-03-08,https://ruanjianku.cloud/wps-office/,安卓 WPS Office v17.3.0 国际版 解锁高级版,"WPS Office一站式办公服务平台,具有可兼容Word、Excel、PPT三大办公组件的不同格式,支持PDF文档的编辑与格式转换集成思维导图、流程图、表单等功能。
&nbsp;
……
"
电脑软件,2023-03-08,https://ruanjianku.cloud/sougou/,搜狗输入法电脑版 v13.3.0.6965 精简纯净版,"* 去广告，精简优化，免升级，有效阻止程序相关广告弹窗！
* 纯净无广告，无多余干扰提示，默认无不必要联网程序驻留！
* 默认阻止检测升级请求、下载释放广告……
"
安卓资源,2023-03-08,https://ruanjianku.cloud/mo1-2-7/,MO1.2.7 解锁会员版,"有的小伙伴需要这类APP,现在修改了一个，默默看视频就好了，请勿相信视频里的任何广告。你要是相信里面的广告还是被骗，我能说啥呢。
&nbsp;
再次提醒请勿相信……
"
安卓资源,2023-03-07,https://ruanjianku.cloud/lekan/,乐看视频 v15.5.2 VIP版 支持投屏,"乐看视频是一款专注于蓝光画质的聚合影视搜索引擎APP，提供高质量的追剧体验。软件原版优质路线需要VIP或者需要观看广告，此版本：解锁VIP线路，无须观看广告……
"
电脑软件,2023-03-07,https://ruanjianku.cloud/visual/,微软常用运行库Visual C++ 合集_2023.03.03,"大家在使用电脑的时候肯定有不少人遇到过这样的情况，启动某些软件时提示“找不到msvcp140.dll”、“应用程序的并行配置不正确”等等。很多人会以为是软件的问题，……
"
安卓资源,2023-03-07,https://ruanjianku.cloud/kuwoyinyue/,酷我音乐 v10.3.6.3 豪华VIP安卓精简版,"酷我音乐拥有曲库量近2000万首，与100余家唱片公司签署独家代理版权，拥有海量歌曲，是手机听歌必备软件；但遗憾的是很多都是要会员才能听，今天就给大家分享……
"
安卓资源,2023-03-07,https://ruanjianku.cloud/telegram-tmoe/,TelegramVer.9.4.9 V1_Mod_Tmoe,"内置TMoe (https://github.com/cinit/TMoe)模块，激活本模块后，在 Telegram 客户端的设置中点击 ""TMoe 设置"" 即可开关对应功能，非常方便。
&nbsp;
&nbsp;
&……
"
安卓资源,2023-03-07,https://ruanjianku.cloud/clicli/,CliCli动漫 Ver.1.0.12 追番神器 去广告版,"超多漫画资源，实时进行更新，汇集各种风格的漫画，软件汇集了丰富的漫画资源，所有漫画免费阅读观看，各种类型的漫画资源一应俱全，如二次元，校园，都市，恋……
"
安卓资源,2023-03-11,https://ruanjianku.cloud/qnjsq/,全能计算器 v22.0.2 去广告版 支持语音,"全能计算器是一款集计算器、科学计算器、分数计算器、汇率换算、亲戚计算器、房贷计算器、五险一金、日期计算器、进制转换、理财计算、自定义公式、单位换算、……
"
TV软件,2023-03-11,https://ruanjianku.cloud/tiaoshi/,调试助手 v2.2.3 +全新接口 TV点播,"TVbox这不用多说，非常强大，大家也一直在用；那么biubiu目前绝大多数人用的是原版关停后去除后端限制的纯净空壳版。
其实biubiu一直还存在一些问题，那biubiu……
"
安卓资源,2023-03-11,https://ruanjianku.cloud/wps-office/,安卓 WPS Office v17.3.1 国际版 解锁高级版,"WPS Office一站式办公服务平台,具有可兼容Word、Excel、PPT三大办公组件的不同格式,支持PDF文档的编辑与格式转换集成思维导图、流程图、表单等功能。
&nbsp;
……
"
安卓资源,2023-03-11,https://ruanjianku.cloud/apkpure/,Apkpure_v3.18.79 纯净版,"APKPure是由APK Team创建的智能手机软件的网站。为全球的粉丝提供更安全，更好，更快的软件下载体验，提供最全面的应用程序。
&nbsp;
&nbsp;
&nbsp;
&nbsp;
……
"
安卓资源,2023-03-10,https://ruanjianku.cloud/kuwozuixin/,酷我音乐 v10.3.6.4 豪华VIP安卓精简版,"酷我音乐拥有曲库量近2000万首，与100余家唱片公司签署独家代理版权，拥有海量歌曲，是手机听歌必备软件；但遗憾的是很多都是要会员才能听，今天就给大家分享……
"
安卓资源,2023-03-08,https://ruanjianku.cloud/chelaile/,车来了 v4.15.4 去除广告版 精准公交by 小叶夕阳(@xyxyspace),"现如今各种东西都陆续接入互联网，实时掌控动态，比如公交车、地铁；公交地铁联网之后，乘客们就可以通过网络实时了解车次的运行状态，什么时候到站，目前在哪……
"
电脑软件,2023-03-08,https://ruanjianku.cloud/sougou/,搜狗输入法电脑版 v13.3.0.6965 精简纯净版,"* 去广告，精简优化，免升级，有效阻止程序相关广告弹窗！
* 纯净无广告，无多余干扰提示，默认无不必要联网程序驻留！
* 默认阻止检测升级请求、下载释放广告……
"
安卓资源,2023-03-08,https://ruanjianku.cloud/mo1-2-7/,MO1.2.7 解锁会员版,"有的小伙伴需要这类APP,现在修改了一个，默默看视频就好了，请勿相信视频里的任何广告。你要是相信里面的广告还是被骗，我能说啥呢。
&nbsp;
再次提醒请勿相信……
"
安卓资源,2023-03-07,https://ruanjianku.cloud/lekan/,乐看视频 v15.5.2 VIP版 支持投屏,"乐看视频是一款专注于蓝光画质的聚合影视搜索引擎APP，提供高质量的追剧体验。软件原版优质路线需要VIP或者需要观看广告，此版本：解锁VIP线路，无须观看广告……
"
电脑软件,2023-03-07,https://ruanjianku.cloud/visual/,微软常用运行库Visual C++ 合集_2023.03.03,"大家在使用电脑的时候肯定有不少人遇到过这样的情况，启动某些软件时提示“找不到msvcp140.dll”、“应用程序的并行配置不正确”等等。很多人会以为是软件的问题，……
"
安卓资源,2023-03-12,https://ruanjianku.cloud/xingtu/,醒图v7.4.0 解锁VIP版-修出高级美,"醒图App是安卓一款操作简单、功能强大的全能修图应用，醒图还提供了众多滤镜、色调、贴纸、文字、还支持一键发布到抖音，醒图可以帮助你通过细节调整让脸型显……
"
安卓资源,2023-03-12,https://ruanjianku.cloud/vmos-pro/,安卓ROM虚拟机 VMOS Pro 2.9.6 VIP,"VMOS安卓模拟器(原虚拟大师)是一款安卓虚拟机,VMOS安卓最新版的ROM平台提供各种安卓精简版和谷歌版或极客版的ROM版本,鼓励用户更改ROM,自定义ROM权限,可以自带……
"
安卓资源,2023-03-12,https://ruanjianku.cloud/mx-player/,MX player 1.60Pro去广告版 可做盒子播放器,"一直以来，在播放器里面，电脑端大家最熟知的、使用最多的恐怕就是potplayer了，potplayer确实很强大，不过一直只有电脑版。如今移动端或者说电视端对播放器的……
"
电脑软件,2023-03-12,https://ruanjianku.cloud/360llq/,360浏览器 v14.1 去广告精简版,"览器是大家上网必备的工具之一，分享迷给大家分享过不少的pc端手机端的浏览器，这次给大家带来360浏览器的去广告优化版。360安全浏览器是基于Chromium内核的双……
"
安卓资源,2023-03-11,https://ruanjianku.cloud/qnjsq/,全能计算器 v22.0.2 去广告版 支持语音,"全能计算器是一款集计算器、科学计算器、分数计算器、汇率换算、亲戚计算器、房贷计算器、五险一金、日期计算器、进制转换、理财计算、自定义公式、单位换算、……
"
TV软件,2023-03-11,https://ruanjianku.cloud/tiaoshi/,调试助手 v2.2.3 +全新接口 TV点播,"TVbox这不用多说，非常强大，大家也一直在用；那么biubiu目前绝大多数人用的是原版关停后去除后端限制的纯净空壳版。
其实biubiu一直还存在一些问题，那biubiu……
"
安卓资源,2023-03-11,https://ruanjianku.cloud/wps-office/,安卓 WPS Office v17.3.1 国际版 解锁高级版,"WPS Office一站式办公服务平台,具有可兼容Word、Excel、PPT三大办公组件的不同格式,支持PDF文档的编辑与格式转换集成思维导图、流程图、表单等功能。
&nbsp;
……
"
安卓资源,2023-03-11,https://ruanjianku.cloud/apkpure/,Apkpure_v3.18.79 纯净版,"APKPure是由APK Team创建的智能手机软件的网站。为全球的粉丝提供更安全，更好，更快的软件下载体验，提供最全面的应用程序。
&nbsp;
&nbsp;
&nbsp;
&nbsp;
……
"
安卓资源,2023-03-10,https://ruanjianku.cloud/kuwozuixin/,酷我音乐 v10.3.6.4 豪华VIP安卓精简版,"酷我音乐拥有曲库量近2000万首，与100余家唱片公司签署独家代理版权，拥有海量歌曲，是手机听歌必备软件；但遗憾的是很多都是要会员才能听，今天就给大家分享……
"
安卓资源,2023-03-08,https://ruanjianku.cloud/chelaile/,车来了 v4.15.4 去除广告版 精准公交by 小叶夕阳(@xyxyspace),"现如今各种东西都陆续接入互联网，实时掌控动态，比如公交车、地铁；公交地铁联网之后，乘客们就可以通过网络实时了解车次的运行状态，什么时候到站，目前在哪……
"
安卓资源,2023-03-12,https://ruanjianku.cloud/xingtu/,醒图v7.4.0 解锁VIP版-修出高级美,"醒图App是安卓一款操作简单、功能强大的全能修图应用，醒图还提供了众多滤镜、色调、贴纸、文字、还支持一键发布到抖音，醒图可以帮助你通过细节调整让脸型显……
"
安卓资源,2023-03-12,https://ruanjianku.cloud/vmos-pro/,安卓ROM虚拟机 VMOS Pro 2.9.6 VIP,"VMOS安卓模拟器(原虚拟大师)是一款安卓虚拟机,VMOS安卓最新版的ROM平台提供各种安卓精简版和谷歌版或极客版的ROM版本,鼓励用户更改ROM,自定义ROM权限,可以自带……
"
安卓资源,2023-03-12,https://ruanjianku.cloud/mx-player/,MX player 1.60Pro去广告版 可做盒子播放器,"一直以来，在播放器里面，电脑端大家最熟知的、使用最多的恐怕就是potplayer了，potplayer确实很强大，不过一直只有电脑版。如今移动端或者说电视端对播放器的……
"
电脑软件,2023-03-12,https://ruanjianku.cloud/360llq/,360浏览器 v14.1 去广告精简版,"览器是大家上网必备的工具之一，分享迷给大家分享过不少的pc端手机端的浏览器，这次给大家带来360浏览器的去广告优化版。360安全浏览器是基于Chromium内核的双……
"
安卓资源,2023-03-11,https://ruanjianku.cloud/qnjsq/,全能计算器 v22.0.2 去广告版 支持语音,"全能计算器是一款集计算器、科学计算器、分数计算器、汇率换算、亲戚计算器、房贷计算器、五险一金、日期计算器、进制转换、理财计算、自定义公式、单位换算、……
"
TV软件,2023-03-11,https://ruanjianku.cloud/tiaoshi/,调试助手 v2.2.3 +全新接口 TV点播,"TVbox这不用多说，非常强大，大家也一直在用；那么biubiu目前绝大多数人用的是原版关停后去除后端限制的纯净空壳版。
其实biubiu一直还存在一些问题，那biubiu……
"
安卓资源,2023-03-11,https://ruanjianku.cloud/wps-office/,安卓 WPS Office v17.3.1 国际版 解锁高级版,"WPS Office一站式办公服务平台,具有可兼容Word、Excel、PPT三大办公组件的不同格式,支持PDF文档的编辑与格式转换集成思维导图、流程图、表单等功能。
&nbsp;
……
"
安卓资源,2023-03-11,https://ruanjianku.cloud/apkpure/,Apkpure_v3.18.79 纯净版,"APKPure是由APK Team创建的智能手机软件的网站。为全球的粉丝提供更安全，更好，更快的软件下载体验，提供最全面的应用程序。
&nbsp;
&nbsp;
&nbsp;
&nbsp;
……
"
安卓资源,2023-03-10,https://ruanjianku.cloud/kuwozuixin/,酷我音乐 v10.3.6.4 豪华VIP安卓精简版,"酷我音乐拥有曲库量近2000万首，与100余家唱片公司签署独家代理版权，拥有海量歌曲，是手机听歌必备软件；但遗憾的是很多都是要会员才能听，今天就给大家分享……
"
安卓资源,2023-03-08,https://ruanjianku.cloud/chelaile/,车来了 v4.15.4 去除广告版 精准公交by 小叶夕阳(@xyxyspace),"现如今各种东西都陆续接入互联网，实时掌控动态，比如公交车、地铁；公交地铁联网之后，乘客们就可以通过网络实时了解车次的运行状态，什么时候到站，目前在哪……
"
安卓资源,2023-03-14,https://ruanjianku.cloud/zuiyou/,最佑5.12.7 去广告版,"最佑APP是一个全新的休闲娱乐方式，能够以视频、段子、图片的形式将脑洞大开的内容展现给你，除了文字表情回复，还支持动图、语音、视频回复。这就造成了一个……
"
安卓资源,2023-03-14,https://ruanjianku.cloud/qinglijun/,清浊app(安卓垃圾清理工具)v1.9.7清浊高级版,"手机用久了就容易产生大量垃圾文件，并且无法清理干净，之前给大家分享了好几款不错的清理软件，如清浊、雪豹速清等等，那么今天再给大家推荐一款。安卓清理君……
"
安卓资源,2023-03-14,https://ruanjianku.cloud/yanjiaoyinyue/,椒盐音乐 8.5.1 去广告版,"椒盐音乐是一款本地音乐播放器软件，支持音频格式挺多的，软件的界面友好，还支持横屏和桌面歌词。新版特性. 此版本新增了实验性启动软件自动打开播放界面功能……
"
安卓资源,2023-03-14,https://ruanjianku.cloud/dasixiong/,大师兄影视_3.1.0 最新去广告版,"大师兄影视提供热门好看的电影和电视剧免费观看全集、动漫、综艺及直播节目，大师兄影视每天更新高清影视资源,在线电影院会给你不一样的观影体验!
&nbsp;
&nbs……
"
安卓资源,2023-03-12,https://ruanjianku.cloud/xingtu/,醒图v7.4.0 解锁VIP版-修出高级美,"醒图App是安卓一款操作简单、功能强大的全能修图应用，醒图还提供了众多滤镜、色调、贴纸、文字、还支持一键发布到抖音，醒图可以帮助你通过细节调整让脸型显……
"
安卓资源,2023-03-12,https://ruanjianku.cloud/vmos-pro/,安卓ROM虚拟机 VMOS Pro 2.9.6 VIP,"VMOS安卓模拟器(原虚拟大师)是一款安卓虚拟机,VMOS安卓最新版的ROM平台提供各种安卓精简版和谷歌版或极客版的ROM版本,鼓励用户更改ROM,自定义ROM权限,可以自带……
"
安卓资源,2023-03-12,https://ruanjianku.cloud/mx-player/,MX player 1.60Pro去广告版 可做盒子播放器,"一直以来，在播放器里面，电脑端大家最熟知的、使用最多的恐怕就是potplayer了，potplayer确实很强大，不过一直只有电脑版。如今移动端或者说电视端对播放器的……
"
电脑软件,2023-03-12,https://ruanjianku.cloud/360llq/,360浏览器 v14.1 去广告精简版,"览器是大家上网必备的工具之一，分享迷给大家分享过不少的pc端手机端的浏览器，这次给大家带来360浏览器的去广告优化版。360安全浏览器是基于Chromium内核的双……
"
安卓资源,2023-03-11,https://ruanjianku.cloud/qnjsq/,全能计算器 v22.0.2 去广告版 支持语音,"全能计算器是一款集计算器、科学计算器、分数计算器、汇率换算、亲戚计算器、房贷计算器、五险一金、日期计算器、进制转换、理财计算、自定义公式、单位换算、……
"
TV软件,2023-03-11,https://ruanjianku.cloud/tiaoshi/,调试助手 v2.2.3 +全新接口 TV点播,"TVbox这不用多说，非常强大，大家也一直在用；那么biubiu目前绝大多数人用的是原版关停后去除后端限制的纯净空壳版。
其实biubiu一直还存在一些问题，那biubiu……
"
安卓资源,2023-03-14,https://ruanjianku.cloud/zuiyou/,最佑5.12.7 去广告版,"最佑APP是一个全新的休闲娱乐方式，能够以视频、段子、图片的形式将脑洞大开的内容展现给你，除了文字表情回复，还支持动图、语音、视频回复。这就造成了一个……
"
安卓资源,2023-03-14,https://ruanjianku.cloud/qinglijun/,清浊app(安卓垃圾清理工具)v1.9.7清浊高级版,"手机用久了就容易产生大量垃圾文件，并且无法清理干净，之前给大家分享了好几款不错的清理软件，如清浊、雪豹速清等等，那么今天再给大家推荐一款。安卓清理君……
"
安卓资源,2023-03-14,https://ruanjianku.cloud/yanjiaoyinyue/,椒盐音乐 8.5.1 去广告版,"椒盐音乐是一款本地音乐播放器软件，支持音频格式挺多的，软件的界面友好，还支持横屏和桌面歌词。新版特性. 此版本新增了实验性启动软件自动打开播放界面功能……
"
安卓资源,2023-03-14,https://ruanjianku.cloud/dasixiong/,大师兄影视_3.1.0 最新去广告版,"大师兄影视提供热门好看的电影和电视剧免费观看全集、动漫、综艺及直播节目，大师兄影视每天更新高清影视资源,在线电影院会给你不一样的观影体验!
&nbsp;
&nbs……
"
安卓资源,2023-03-12,https://ruanjianku.cloud/xingtu/,醒图v7.4.0 解锁VIP版-修出高级美,"醒图App是安卓一款操作简单、功能强大的全能修图应用，醒图还提供了众多滤镜、色调、贴纸、文字、还支持一键发布到抖音，醒图可以帮助你通过细节调整让脸型显……
"
安卓资源,2023-03-12,https://ruanjianku.cloud/vmos-pro/,安卓ROM虚拟机 VMOS Pro 2.9.6 VIP,"VMOS安卓模拟器(原虚拟大师)是一款安卓虚拟机,VMOS安卓最新版的ROM平台提供各种安卓精简版和谷歌版或极客版的ROM版本,鼓励用户更改ROM,自定义ROM权限,可以自带……
"
安卓资源,2023-03-12,https://ruanjianku.cloud/mx-player/,MX player 1.60Pro去广告版 可做盒子播放器,"一直以来，在播放器里面，电脑端大家最熟知的、使用最多的恐怕就是potplayer了，potplayer确实很强大，不过一直只有电脑版。如今移动端或者说电视端对播放器的……
"
电脑软件,2023-03-12,https://ruanjianku.cloud/360llq/,360浏览器 v14.1 去广告精简版,"览器是大家上网必备的工具之一，分享迷给大家分享过不少的pc端手机端的浏览器，这次给大家带来360浏览器的去广告优化版。360安全浏览器是基于Chromium内核的双……
"
安卓资源,2023-03-11,https://ruanjianku.cloud/qnjsq/,全能计算器 v22.0.2 去广告版 支持语音,"全能计算器是一款集计算器、科学计算器、分数计算器、汇率换算、亲戚计算器、房贷计算器、五险一金、日期计算器、进制转换、理财计算、自定义公式、单位换算、……
"
TV软件,2023-03-11,https://ruanjianku.cloud/tiaoshi/,调试助手 v2.2.3 +全新接口 TV点播,"TVbox这不用多说，非常强大，大家也一直在用；那么biubiu目前绝大多数人用的是原版关停后去除后端限制的纯净空壳版。
其实biubiu一直还存在一些问题，那biubiu……
"
安卓资源,2023-03-16,https://ruanjianku.cloud/ymcs/,隐秘参数 v2.8 硬件信息查询工具,"隐秘参数app是一款手机硬件检测工具和性能测试工具，这款软件可以帮助用户快速获取到更多精准可靠的参数信息，各种硬件信息都有详细介绍.
&nbsp;
&nbsp;
&nbs……
"
TV软件,2023-03-16,https://ruanjianku.cloud/bili/,BBLL（第三方哔哩哔哩） v1.3.0 支持TV+pad,"许多粉丝朋友都是B站的忠实粉丝，然而B站到目前也没太重视tv版，官方出品的TV版根本就是去其精华留其糟，用着很不爽，于是都热衷使用第三方开发的版本，像哔哩……
"
安卓资源,2023-03-16,https://ruanjianku.cloud/lansou/,蓝搜 Ver.5.2 去广告版,"蓝搜去广告版分享给大家！为你带来一款非常好用的破解去广告版本的搜索神器，可以轻松寻找各种蓝奏云资源，全都是破解版本内容，直接搜索，非常好用。
&nbsp;
……
"
安卓资源,2023-03-16,https://ruanjianku.cloud/dsxhyb/,大师兄影视_3_1_0_去广告版_黑鹰版,"大师兄影视提供好看的电影和电视剧免费观看全集、动漫、综艺及直播节目，大师兄影视每天更新高清影视资源,在线电影院会给你不一样的体验!
&nbsp;
&nbsp;
&nbs……
"
安卓资源,2023-03-14,https://ruanjianku.cloud/zuiyou/,最佑5.12.7 去广告版,"最佑APP是一个全新的休闲娱乐方式，能够以视频、段子、图片的形式将脑洞大开的内容展现给你，除了文字表情回复，还支持动图、语音、视频回复。这就造成了一个……
"
安卓资源,2023-03-14,https://ruanjianku.cloud/qinglijun/,清浊app(安卓垃圾清理工具)v1.9.7清浊高级版,"手机用久了就容易产生大量垃圾文件，并且无法清理干净，之前给大家分享了好几款不错的清理软件，如清浊、雪豹速清等等，那么今天再给大家推荐一款。安卓清理君……
"
安卓资源,2023-03-14,https://ruanjianku.cloud/yanjiaoyinyue/,椒盐音乐 8.5.1 去广告版,"椒盐音乐是一款本地音乐播放器软件，支持音频格式挺多的，软件的界面友好，还支持横屏和桌面歌词。新版特性. 此版本新增了实验性启动软件自动打开播放界面功能……
"
安卓资源,2023-03-14,https://ruanjianku.cloud/dasixiong/,大师兄影视_3.1.0 最新去广告版,"大师兄影视提供热门好看的电影和电视剧免费观看全集、动漫、综艺及直播节目，大师兄影视每天更新高清影视资源,在线电影院会给你不一样的观影体验!
&nbsp;
&nbs……
"
安卓资源,2023-03-12,https://ruanjianku.cloud/xingtu/,醒图v7.4.0 解锁VIP版-修出高级美,"醒图App是安卓一款操作简单、功能强大的全能修图应用，醒图还提供了众多滤镜、色调、贴纸、文字、还支持一键发布到抖音，醒图可以帮助你通过细节调整让脸型显……
"
安卓资源,2023-03-12,https://ruanjianku.cloud/vmos-pro/,安卓ROM虚拟机 VMOS Pro 2.9.6 VIP,"VMOS安卓模拟器(原虚拟大师)是一款安卓虚拟机,VMOS安卓最新版的ROM平台提供各种安卓精简版和谷歌版或极客版的ROM版本,鼓励用户更改ROM,自定义ROM权限,可以自带……
"
电脑软件,2023-03-17,https://ruanjianku.cloud/danjiyouxi/,电脑单机游戏聚合 796个!,"群友花18.8元从淘宝上买来的电脑单机游戏聚合，收集的很全面796个，部分游戏有作弊，优惠代码，都是放到百度网盘，省的大家去网上找单机游戏，还容易下载到病……
"
TV软件,2023-03-17,https://ruanjianku.cloud/anylauncher/,AnyLauncher任何应用都能做启动器 v1.10 可设置桌面开机自启,"现在的智能电视机确实有点复杂，比如有些电视机自带的桌面简直让人眼花缭乱，如海信的聚好看，打开电视机进入到桌面展示的不是应用入口，而是各种收费影视剧各……
"
电脑软件,2023-03-17,https://ruanjianku.cloud/leidian/,雷电模拟器5 v5.0.50.1 去广告免装版,"雷电模拟器5.0稳定版采用Android 7.1.2版内核.雷电安卓模拟器5.0版，支持OpenGL3.1模式3D渲染,游戏稳定多开无压力，提供谷歌安装器，一键宏按键,脚本录制，多……
"
安卓资源,2023-03-16,https://ruanjianku.cloud/ymcs/,隐秘参数 v2.8 硬件信息查询工具,"隐秘参数app是一款手机硬件检测工具和性能测试工具，这款软件可以帮助用户快速获取到更多精准可靠的参数信息，各种硬件信息都有详细介绍.
&nbsp;
&nbsp;
&nbs……
"
TV软件,2023-03-16,https://ruanjianku.cloud/bili/,BBLL（第三方哔哩哔哩） v1.3.0 支持TV+pad,"许多粉丝朋友都是B站的忠实粉丝，然而B站到目前也没太重视tv版，官方出品的TV版根本就是去其精华留其糟，用着很不爽，于是都热衷使用第三方开发的版本，像哔哩……
"
安卓资源,2023-03-16,https://ruanjianku.cloud/lansou/,蓝搜 Ver.5.2 去广告版,"蓝搜去广告版分享给大家！为你带来一款非常好用的破解去广告版本的搜索神器，可以轻松寻找各种蓝奏云资源，全都是破解版本内容，直接搜索，非常好用。
&nbsp;
……
"
安卓资源,2023-03-16,https://ruanjianku.cloud/dsxhyb/,大师兄影视_3_1_0_去广告版_黑鹰版,"大师兄影视提供好看的电影和电视剧免费观看全集、动漫、综艺及直播节目，大师兄影视每天更新高清影视资源,在线电影院会给你不一样的体验!
&nbsp;
&nbsp;
&nbs……
"
安卓资源,2023-03-14,https://ruanjianku.cloud/zuiyou/,最佑5.12.7 去广告版,"最佑APP是一个全新的休闲娱乐方式，能够以视频、段子、图片的形式将脑洞大开的内容展现给你，除了文字表情回复，还支持动图、语音、视频回复。这就造成了一个……
"
安卓资源,2023-03-14,https://ruanjianku.cloud/qinglijun/,清浊app(安卓垃圾清理工具)v1.9.7清浊高级版,"手机用久了就容易产生大量垃圾文件，并且无法清理干净，之前给大家分享了好几款不错的清理软件，如清浊、雪豹速清等等，那么今天再给大家推荐一款。安卓清理君……
"
安卓资源,2023-03-14,https://ruanjianku.cloud/yanjiaoyinyue/,椒盐音乐 8.5.1 去广告版,"椒盐音乐是一款本地音乐播放器软件，支持音频格式挺多的，软件的界面友好，还支持横屏和桌面歌词。新版特性. 此版本新增了实验性启动软件自动打开播放界面功能……
"
安卓资源,2023-03-18,https://ruanjianku.cloud/heimaoxiaoshuo/,黑猫小说 v1.5.5 去广告自带书源纯净版,"黑猫小说app是个高质量的平台，已去掉了广告，用户在软件中可以体验没有广告的纯净阅读体验，功能很强可以自定义设置你喜好的阅读模式。
&nbsp;
&nbsp;
&nbsp……
"
安卓资源,2023-03-18,https://ruanjianku.cloud/officesuite-pro/,移动办公软件OfficeSuite Pro 13.7.46379 高级版/专业版,"OfficeSuite 是安卓平台上一款知名的移动办公软件，使用 OfficeSuite ，您可以轻松查看，编辑和创建 Word，Excel 和 PowerPoint 文档，并执行高级 PDF 操作，……
"
电脑软件,2023-03-17,https://ruanjianku.cloud/danjiyouxi/,电脑单机游戏聚合 796个!,"群友花18.8元从淘宝上买来的电脑单机游戏聚合，收集的很全面796个，部分游戏有作弊，优惠代码，都是放到百度网盘，省的大家去网上找单机游戏，还容易下载到病……
"
TV软件,2023-03-17,https://ruanjianku.cloud/anylauncher/,AnyLauncher任何应用都能做启动器 v1.10 可设置桌面开机自启,"现在的智能电视机确实有点复杂，比如有些电视机自带的桌面简直让人眼花缭乱，如海信的聚好看，打开电视机进入到桌面展示的不是应用入口，而是各种收费影视剧各……
"
电脑软件,2023-03-17,https://ruanjianku.cloud/leidian/,雷电模拟器5 v5.0.50.1 去广告免装版,"雷电模拟器5.0稳定版采用Android 7.1.2版内核.雷电安卓模拟器5.0版，支持OpenGL3.1模式3D渲染,游戏稳定多开无压力，提供谷歌安装器，一键宏按键,脚本录制，多……
"
安卓资源,2023-03-16,https://ruanjianku.cloud/ymcs/,隐秘参数 v2.8 硬件信息查询工具,"隐秘参数app是一款手机硬件检测工具和性能测试工具，这款软件可以帮助用户快速获取到更多精准可靠的参数信息，各种硬件信息都有详细介绍.
&nbsp;
&nbsp;
&nbs……
"
TV软件,2023-03-16,https://ruanjianku.cloud/bili/,BBLL（第三方哔哩哔哩） v1.3.0 支持TV+pad,"许多粉丝朋友都是B站的忠实粉丝，然而B站到目前也没太重视tv版，官方出品的TV版根本就是去其精华留其糟，用着很不爽，于是都热衷使用第三方开发的版本，像哔哩……
"
安卓资源,2023-03-16,https://ruanjianku.cloud/lansou/,蓝搜 Ver.5.2 去广告版,"蓝搜去广告版分享给大家！为你带来一款非常好用的破解去广告版本的搜索神器，可以轻松寻找各种蓝奏云资源，全都是破解版本内容，直接搜索，非常好用。
&nbsp;
……
"
安卓资源,2023-03-16,https://ruanjianku.cloud/dsxhyb/,大师兄影视_3_1_0_去广告版_黑鹰版,"大师兄影视提供好看的电影和电视剧免费观看全集、动漫、综艺及直播节目，大师兄影视每天更新高清影视资源,在线电影院会给你不一样的体验!
&nbsp;
&nbsp;
&nbs……
"
安卓资源,2023-03-14,https://ruanjianku.cloud/zuiyou/,最佑5.12.7 去广告版,"最佑APP是一个全新的休闲娱乐方式，能够以视频、段子、图片的形式将脑洞大开的内容展现给你，除了文字表情回复，还支持动图、语音、视频回复。这就造成了一个……
"
安卓资源,2023-03-18,https://ruanjianku.cloud/heimaoxiaoshuo/,黑猫小说 v1.5.5 去广告自带书源纯净版,"黑猫小说app是个高质量的平台，已去掉了广告，用户在软件中可以体验没有广告的纯净阅读体验，功能很强可以自定义设置你喜好的阅读模式。
&nbsp;
&nbsp;
&nbsp……
"
安卓资源,2023-03-18,https://ruanjianku.cloud/officesuite-pro/,移动办公软件OfficeSuite Pro 13.7.46379 高级版/专业版,"OfficeSuite 是安卓平台上一款知名的移动办公软件，使用 OfficeSuite ，您可以轻松查看，编辑和创建 Word，Excel 和 PowerPoint 文档，并执行高级 PDF 操作，……
"
电脑软件,2023-03-17,https://ruanjianku.cloud/danjiyouxi/,电脑单机游戏聚合 796个!,"群友花18.8元从淘宝上买来的电脑单机游戏聚合，收集的很全面796个，部分游戏有作弊，优惠代码，都是放到百度网盘，省的大家去网上找单机游戏，还容易下载到病……
"
TV软件,2023-03-17,https://ruanjianku.cloud/anylauncher/,AnyLauncher任何应用都能做启动器 v1.10 可设置桌面开机自启,"现在的智能电视机确实有点复杂，比如有些电视机自带的桌面简直让人眼花缭乱，如海信的聚好看，打开电视机进入到桌面展示的不是应用入口，而是各种收费影视剧各……
"
电脑软件,2023-03-17,https://ruanjianku.cloud/leidian/,雷电模拟器5 v5.0.50.1 去广告免装版,"雷电模拟器5.0稳定版采用Android 7.1.2版内核.雷电安卓模拟器5.0版，支持OpenGL3.1模式3D渲染,游戏稳定多开无压力，提供谷歌安装器，一键宏按键,脚本录制，多……
"
安卓资源,2023-03-16,https://ruanjianku.cloud/ymcs/,隐秘参数 v2.8 硬件信息查询工具,"隐秘参数app是一款手机硬件检测工具和性能测试工具，这款软件可以帮助用户快速获取到更多精准可靠的参数信息，各种硬件信息都有详细介绍.
&nbsp;
&nbsp;
&nbs……
"
TV软件,2023-03-16,https://ruanjianku.cloud/bili/,BBLL（第三方哔哩哔哩） v1.3.0 支持TV+pad,"许多粉丝朋友都是B站的忠实粉丝，然而B站到目前也没太重视tv版，官方出品的TV版根本就是去其精华留其糟，用着很不爽，于是都热衷使用第三方开发的版本，像哔哩……
"
安卓资源,2023-03-16,https://ruanjianku.cloud/lansou/,蓝搜 Ver.5.2 去广告版,"蓝搜去广告版分享给大家！为你带来一款非常好用的破解去广告版本的搜索神器，可以轻松寻找各种蓝奏云资源，全都是破解版本内容，直接搜索，非常好用。
&nbsp;
……
"
安卓资源,2023-03-16,https://ruanjianku.cloud/dsxhyb/,大师兄影视_3_1_0_去广告版_黑鹰版,"大师兄影视提供好看的电影和电视剧免费观看全集、动漫、综艺及直播节目，大师兄影视每天更新高清影视资源,在线电影院会给你不一样的体验!
&nbsp;
&nbsp;
&nbs……
"
安卓资源,2023-03-14,https://ruanjianku.cloud/zuiyou/,最佑5.12.7 去广告版,"最佑APP是一个全新的休闲娱乐方式，能够以视频、段子、图片的形式将脑洞大开的内容展现给你，除了文字表情回复，还支持动图、语音、视频回复。这就造成了一个……
"
安卓资源,2023-03-20,https://ruanjianku.cloud/chunyutang/,春雨堂研究院 最好的聚合导航网站,"努力做全网最好最全的导航网站
&nbsp;
&nbsp;
点击这里获取
&nbsp;
"
安卓资源,2023-03-20,https://ruanjianku.cloud/ytb/,YTB视频 视频无限看,"为了安全，使用空手机贴住摄像头安全效果更佳，默默看视频就好了，请勿相信视频内嵌的任何广告，如果你还是被骗一定要发到群里!让大家知道你是傻X，低调使用。……
"
安卓资源,2023-03-20,https://ruanjianku.cloud/ziyuandashi/,资源大师 Ver.1.3.5 会员解锁版,"资源大师破解版下载最新版为你送上，此版本已为你解锁会员特权，全新的磁力下载神器等你来享，各种你所需要的音乐、影视应有尽有，满足你的磁力搜索需求，赶快……
"
安卓资源,2023-03-20,https://ruanjianku.cloud/liuxingshipin/,流星视频 Ver.2.8.5去广告修复版,"流星视频最新版是一款拥有高清画质，流畅播放，给大家带来了更多的优质服务的影片播放神器，超多经典老片免费推送，详细影片类别分类介绍，方便用户们在线搜索……
"
安卓资源,2023-03-18,https://ruanjianku.cloud/heimaoxiaoshuo/,黑猫小说 v1.5.5 去广告自带书源纯净版,"黑猫小说app是个高质量的平台，已去掉了广告，用户在软件中可以体验没有广告的纯净阅读体验，功能很强可以自定义设置你喜好的阅读模式。
&nbsp;
&nbsp;
&nbsp……
"
安卓资源,2023-03-18,https://ruanjianku.cloud/officesuite-pro/,移动办公软件OfficeSuite Pro 13.7.46379 高级版/专业版,"OfficeSuite 是安卓平台上一款知名的移动办公软件，使用 OfficeSuite ，您可以轻松查看，编辑和创建 Word，Excel 和 PowerPoint 文档，并执行高级 PDF 操作，……
"
电脑软件,2023-03-17,https://ruanjianku.cloud/danjiyouxi/,电脑单机游戏聚合 796个!,"群友花18.8元从淘宝上买来的电脑单机游戏聚合，收集的很全面796个，部分游戏有作弊，优惠代码，都是放到百度网盘，省的大家去网上找单机游戏，还容易下载到病……
"
TV软件,2023-03-17,https://ruanjianku.cloud/anylauncher/,AnyLauncher任何应用都能做启动器 v1.10 可设置桌面开机自启,"现在的智能电视机确实有点复杂，比如有些电视机自带的桌面简直让人眼花缭乱，如海信的聚好看，打开电视机进入到桌面展示的不是应用入口，而是各种收费影视剧各……
"
电脑软件,2023-03-17,https://ruanjianku.cloud/leidian/,雷电模拟器5 v5.0.50.1 去广告免装版,"雷电模拟器5.0稳定版采用Android 7.1.2版内核.雷电安卓模拟器5.0版，支持OpenGL3.1模式3D渲染,游戏稳定多开无压力，提供谷歌安装器，一键宏按键,脚本录制，多……
"
安卓资源,2023-03-16,https://ruanjianku.cloud/ymcs/,隐秘参数 v2.8 硬件信息查询工具,"隐秘参数app是一款手机硬件检测工具和性能测试工具，这款软件可以帮助用户快速获取到更多精准可靠的参数信息，各种硬件信息都有详细介绍.
&nbsp;
&nbsp;
&nbs……
"
安卓资源,2023-03-21,https://ruanjianku.cloud/yuedu-2/,阅读 v3.23.0315 去书源限制版 开源免费看小说神器,"很多人喜欢看小说，关于手机端看小说的软件也是一大把，但是大部分都有个槽点，那就是广告巨多。所以这次要给大家分享一款免费且无广告的看小说神器——阅读。
……
"
安卓资源,2023-03-20,https://ruanjianku.cloud/chunyutang/,春雨堂研究院 最好的聚合导航网站,"努力做全网最好最全的导航网站
&nbsp;
&nbsp;
点击这里获取
&nbsp;
"
安卓资源,2023-03-20,https://ruanjianku.cloud/ytb/,YTB视频 视频无限看,"为了安全，使用空手机贴住摄像头安全效果更佳，默默看视频就好了，请勿相信视频内嵌的任何广告，如果你还是被骗一定要发到群里!让大家知道你是傻X，低调使用。……
"
安卓资源,2023-03-20,https://ruanjianku.cloud/ziyuandashi/,资源大师 Ver.1.3.5 会员解锁版,"资源大师破解版下载最新版为你送上，此版本已为你解锁会员特权，全新的磁力下载神器等你来享，各种你所需要的音乐、影视应有尽有，满足你的磁力搜索需求，赶快……
"
安卓资源,2023-03-20,https://ruanjianku.cloud/liuxingshipin/,流星视频 Ver.2.8.5去广告修复版,"流星视频最新版是一款拥有高清画质，流畅播放，给大家带来了更多的优质服务的影片播放神器，超多经典老片免费推送，详细影片类别分类介绍，方便用户们在线搜索……
"
安卓资源,2023-03-18,https://ruanjianku.cloud/heimaoxiaoshuo/,黑猫小说 v1.5.5 去广告自带书源纯净版,"黑猫小说app是个高质量的平台，已去掉了广告，用户在软件中可以体验没有广告的纯净阅读体验，功能很强可以自定义设置你喜好的阅读模式。
&nbsp;
&nbsp;
&nbsp……
"
安卓资源,2023-03-18,https://ruanjianku.cloud/officesuite-pro/,移动办公软件OfficeSuite Pro 13.7.46379 高级版/专业版,"OfficeSuite 是安卓平台上一款知名的移动办公软件，使用 OfficeSuite ，您可以轻松查看，编辑和创建 Word，Excel 和 PowerPoint 文档，并执行高级 PDF 操作，……
"
电脑软件,2023-03-17,https://ruanjianku.cloud/danjiyouxi/,电脑单机游戏聚合 796个!,"群友花18.8元从淘宝上买来的电脑单机游戏聚合，收集的很全面796个，部分游戏有作弊，优惠代码，都是放到百度网盘，省的大家去网上找单机游戏，还容易下载到病……
"
TV软件,2023-03-17,https://ruanjianku.cloud/anylauncher/,AnyLauncher任何应用都能做启动器 v1.10 可设置桌面开机自启,"现在的智能电视机确实有点复杂，比如有些电视机自带的桌面简直让人眼花缭乱，如海信的聚好看，打开电视机进入到桌面展示的不是应用入口，而是各种收费影视剧各……
"
电脑软件,2023-03-17,https://ruanjianku.cloud/leidian/,雷电模拟器5 v5.0.50.1 去广告免装版,"雷电模拟器5.0稳定版采用Android 7.1.2版内核.雷电安卓模拟器5.0版，支持OpenGL3.1模式3D渲染,游戏稳定多开无压力，提供谷歌安装器，一键宏按键,脚本录制，多……
"
安卓资源,2023-03-22,https://ruanjianku.cloud/moon-reader/,静读天下v8.1 专业版,"静读天下是安卓平台强大的电子书阅读器。谷歌应用商店排名第一的阅读器，支持在线书库和本地阅读，文字转语音，给你仿真阅读体验。全新书架、图书搜索、夜间主……
"
安卓资源,2023-03-22,https://ruanjianku.cloud/dadi/,大地视频 2.8.5 去广告版,"大地视频app带给用户丰富影视剧资源在线观看软件，为用户提供的视频资源都有着十分高清的画质，可以满足用户随时随地在线追剧的使用需求，为用户提供了一个非……
"
安卓资源,2023-03-22,https://ruanjianku.cloud/kiwi/,Kiwi 浏览器111.0.5563 支持Chrome扩展程序的手机浏览器,"Kiwi 浏览器，也叫猕猴桃浏览器，基于谷歌Chromium内核，它是首款可以防止黑客利用设备挖矿的浏览器，支持谷歌扩展程序的手机浏览器 。访问网页速度快，且无视……
"
TV软件,2023-03-22,https://ruanjianku.cloud/xiaopingguo/,小苹果影视盒子1.0.7 去广告版,"时至今日，TVbox作为一个开源的TV端播放器确实越来越专业，一直不断叠加各种新功能，我之前也说过，以后会有很多人选择用它来打造tv端软件。
那这一次，作为目……
"
科学上网,2023-03-22,https://ruanjianku.cloud/clash/,Clash.for.Windows-0.20.10 代理软件,"Clash for Windows是电脑必备的代理工具软件。软件里有强大的功能，用起来会让你觉得很惊喜。你用的时候会觉得功能真的很强大，其强大的策略组可以让我们方便……
"
安卓资源,2023-03-21,https://ruanjianku.cloud/kuaimao/,快猫 任意注册 解锁永久会员,"年轻的小伙喜欢着这类软件，应群友的要求先修改快猫，默默看视频就好了，不要相信相信视频里面任何广告。软件已经解锁VIP，可看所有视频，为了安全最好还是使……
"
TV软件,2023-03-21,https://ruanjianku.cloud/tiaoshi/,调试助手 v2.2.3 +全新接口 TV点播,"TVbox这不用多说，非常强大，大家也一直在用；那么biubiu目前绝大多数人用的是原版关停后去除后端限制的纯净空壳版。
其实biubiu一直还存在一些问题，那biubiu……
"
安卓资源,2023-03-21,https://ruanjianku.cloud/yuedu-2/,阅读 v3.23.0315 去书源限制版 开源免费看小说神器,"很多人喜欢看小说，关于手机端看小说的软件也是一大把，但是大部分都有个槽点，那就是广告巨多。所以这次要给大家分享一款免费且无广告的看小说神器——阅读。
……
"
安卓资源,2023-03-20,https://ruanjianku.cloud/chunyutang/,春雨堂研究院 最好的聚合导航网站,"努力做全网最好最全的导航网站
&nbsp;
&nbsp;
点击这里获取
&nbsp;
"
安卓资源,2023-03-20,https://ruanjianku.cloud/ytb/,YTB视频 视频无限看,"为了安全，使用空手机贴住摄像头安全效果更佳，默默看视频就好了，请勿相信视频内嵌的任何广告，如果你还是被骗一定要发到群里!让大家知道你是傻X，低调使用。……
"
安卓资源,2023-03-23,https://ruanjianku.cloud/wps-office/,安卓 WPS Office v17.4.0 国际高级版,"WPS Office一站式办公服务平台,具有可兼容Word、Excel、PPT三大办公组件的不同格式,支持PDF文档的编辑与格式转换集成思维导图、流程图、表单等功能。
&nbsp;
……
"
安卓资源,2023-03-23,https://ruanjianku.cloud/lz/,荔枝阅读 Ver.1.6.0 自带书源 去广告版,"荔枝阅读是一款很精美的小说阅读软件，在荔枝阅读中你能遇到的内容还是很丰富多样的，每天都能够为大家进行最新资源的连载，绝对不让你找不到小要看的小说，在……
"
安卓资源,2023-03-23,https://ruanjianku.cloud/ddmj/,哆哆美剧 Ver.2.1.4 去广告版,"哆哆美剧app是一款以美剧为主的多媒体视频播放器，同时这里还有精彩丰富的国产剧，韩剧，泰剧，日剧等内容，去除了广告，同时字幕版更新快，让你看剧追番更轻……
"
安卓资源,2023-03-23,https://ruanjianku.cloud/dahai/,大海视频 Ver.2.5.2 去广告版,"大海视频app是一个每天都有大量影视剧可以免费提供观看到饿手机播放器，用户下载软件可以自由观看影视大片不用充值花钱，全网影视剧都有覆盖，让你想看什么就……
"
安卓资源,2023-03-22,https://ruanjianku.cloud/moon-reader/,静读天下v8.1 专业版,"静读天下是安卓平台强大的电子书阅读器。谷歌应用商店排名第一的阅读器，支持在线书库和本地阅读，文字转语音，给你仿真阅读体验。全新书架、图书搜索、夜间主……
"
安卓资源,2023-03-22,https://ruanjianku.cloud/dadi/,大地视频 2.8.5 去广告版,"大地视频app带给用户丰富影视剧资源在线观看软件，为用户提供的视频资源都有着十分高清的画质，可以满足用户随时随地在线追剧的使用需求，为用户提供了一个非……
"
安卓资源,2023-03-22,https://ruanjianku.cloud/kiwi/,Kiwi 浏览器111.0.5563 支持Chrome扩展程序的手机浏览器,"Kiwi 浏览器，也叫猕猴桃浏览器，基于谷歌Chromium内核，它是首款可以防止黑客利用设备挖矿的浏览器，支持谷歌扩展程序的手机浏览器 。访问网页速度快，且无视……
"
TV软件,2023-03-22,https://ruanjianku.cloud/xiaopingguo/,小苹果影视盒子1.0.7 去广告版,"时至今日，TVbox作为一个开源的TV端播放器确实越来越专业，一直不断叠加各种新功能，我之前也说过，以后会有很多人选择用它来打造tv端软件。
那这一次，作为目……
"
科学上网,2023-03-22,https://ruanjianku.cloud/clash/,Clash.for.Windows-0.20.10 代理软件,"Clash for Windows是电脑必备的代理工具软件。软件里有强大的功能，用起来会让你觉得很惊喜。你用的时候会觉得功能真的很强大，其强大的策略组可以让我们方便……
"
安卓资源,2023-03-21,https://ruanjianku.cloud/kuaimao/,快猫 任意注册 解锁永久会员,"年轻的小伙喜欢着这类软件，应群友的要求先修改快猫，默默看视频就好了，不要相信相信视频里面任何广告。软件已经解锁VIP，可看所有视频，为了安全最好还是使……
"
电脑软件,2023-03-24,https://ruanjianku.cloud/imagine/,Imagine 0.7.4 图片压缩,"Imagine，一款免费开源跨平台的用于压缩WebP、PNG、JPEG的PC端应用，软件具有简单友好的图形界面，简约大气，操作简单，几乎就是一键式操作了。软件支持webp、……
"
安卓资源,2023-03-24,https://ruanjianku.cloud/x/,X浏览器安卓最新版v4.0.1 X浏览器APP谷歌版,"X浏览器app是一款最初提供免费梯子的安卓浏览器,由于X浏览器手机版内置了超强的广告拦截功能,曾经发生优酷起诉事件.功能包括了:浏览器扩展,JS脚本,资源嗅探,操……
"
安卓资源,2023-03-24,https://ruanjianku.cloud/kiwi/,Kiwi 浏览器111.0.5563 支持Chrome扩展程序的手机浏览器,"Kiwi 浏览器，也叫猕猴桃浏览器，基于谷歌Chromium内核，它是首款可以防止黑客利用设备挖矿的浏览器，支持谷歌扩展程序的手机浏览器 。访问网页速度快，且无视……
"
安卓资源,2023-03-24,https://ruanjianku.cloud/ddmj/,哆哆美剧 Ver.2.1.4 去广告版,"哆哆美剧app是一款以美剧为主的多媒体视频播放器，同时这里还有精彩丰富的国产剧，韩剧，泰剧，日剧等内容，去除了广告，同时字幕版更新快，让你看剧追番更轻……
"
安卓资源,2023-03-24,https://ruanjianku.cloud/dahai/,大海视频 Ver.2.5.2 去广告版,"大海视频app是一个每天都有大量影视剧可以免费提供观看到饿手机播放器，用户下载软件可以自由观看影视大片不用充值花钱，全网影视剧都有覆盖，让你想看什么就……
"
TV软件,2023-03-24,https://ruanjianku.cloud/xiaopingguo/,小苹果影视盒子1.0.7 去广告版,"时至今日，TVbox作为一个开源的TV端播放器确实越来越专业，一直不断叠加各种新功能，我之前也说过，以后会有很多人选择用它来打造tv端软件。
那这一次，作为目……
"
安卓资源,2023-03-24,https://ruanjianku.cloud/wps-office/,安卓 WPS Office v17.4.0 国际高级版,"WPS Office一站式办公服务平台,具有可兼容Word、Excel、PPT三大办公组件的不同格式,支持PDF文档的编辑与格式转换集成思维导图、流程图、表单等功能。
&nbsp;
……
"
安卓资源,2023-03-23,https://ruanjianku.cloud/lz/,荔枝阅读 Ver.1.6.0 自带书源 去广告版,"荔枝阅读是一款很精美的小说阅读软件，在荔枝阅读中你能遇到的内容还是很丰富多样的，每天都能够为大家进行最新资源的连载，绝对不让你找不到小要看的小说，在……
"
安卓资源,2023-03-22,https://ruanjianku.cloud/moon-reader/,静读天下v8.1 专业版,"静读天下是安卓平台强大的电子书阅读器。谷歌应用商店排名第一的阅读器，支持在线书库和本地阅读，文字转语音，给你仿真阅读体验。全新书架、图书搜索、夜间主……
"
安卓资源,2023-03-22,https://ruanjianku.cloud/dadi/,大地视频 2.8.5 去广告版,"大地视频app带给用户丰富影视剧资源在线观看软件，为用户提供的视频资源都有着十分高清的画质，可以满足用户随时随地在线追剧的使用需求，为用户提供了一个非……
"
电脑软件,2023-03-25,https://ruanjianku.cloud/pdf/,PDF文件编辑器软件 VIP,"日常工作中经常会碰到各类PDF文件，对处理PDF文件的软件需要还是挺大的；一款操作简单易上手的PDF文件编辑器软件，提供了4种常用的PDF编辑功能：编辑、注释、……
"
安卓资源,2023-03-25,https://ruanjianku.cloud/taiji-2/,太极工具箱 v1.0.2,"作为8度软件库的粉丝，很多都是玩机高手，对于捣腾软件其实是一种很大的乐趣。我们在生活工作中，时常会为了满足实现某些功能，而下载各种各样不同功能的软件……
"
安卓资源,2023-03-25,https://ruanjianku.cloud/ssdm/,嘀嘀动漫 Ver.1.7.5 解锁会员,"嘀嘀动漫高级版是经过修改的版本，让大家登录后就有永久的VIP会员，去除了广告，让你有着更好的追番体验。
&nbsp;
&nbsp;
点击这里下载
"
安卓资源,2023-03-24,https://ruanjianku.cloud/chunyutang/,春雨堂研究院 最好的聚合导航网站,"努力做全网最好最全的导航网站
&nbsp;
&nbsp;
点击这里获取
&nbsp;
"
安卓资源,2023-03-24,https://ruanjianku.cloud/ytb/,YTB视频 视频无限看,"为了安全，使用空手机贴住摄像头安全效果更佳，默默看视频就好了，请勿相信视频内嵌的任何广告，如果你还是被骗一定要发到群里!让大家知道你是傻X，低调使用。……
"
电脑软件,2023-03-24,https://ruanjianku.cloud/imagine/,Imagine 0.7.4 图片压缩,"Imagine，一款免费开源跨平台的用于压缩WebP、PNG、JPEG的PC端应用，软件具有简单友好的图形界面，简约大气，操作简单，几乎就是一键式操作了。软件支持webp、……
"
安卓资源,2023-03-24,https://ruanjianku.cloud/x/,X浏览器安卓最新版v4.0.1 X浏览器APP谷歌版,"X浏览器app是一款最初提供免费梯子的安卓浏览器,由于X浏览器手机版内置了超强的广告拦截功能,曾经发生优酷起诉事件.功能包括了:浏览器扩展,JS脚本,资源嗅探,操……
"
安卓资源,2023-03-24,https://ruanjianku.cloud/kiwi/,Kiwi 浏览器111.0.5563 支持Chrome扩展程序的手机浏览器,"Kiwi 浏览器，也叫猕猴桃浏览器，基于谷歌Chromium内核，它是首款可以防止黑客利用设备挖矿的浏览器，支持谷歌扩展程序的手机浏览器 。访问网页速度快，且无视……
"
安卓资源,2023-03-24,https://ruanjianku.cloud/ddmj/,哆哆美剧 Ver.2.1.4 去广告版,"哆哆美剧app是一款以美剧为主的多媒体视频播放器，同时这里还有精彩丰富的国产剧，韩剧，泰剧，日剧等内容，去除了广告，同时字幕版更新快，让你看剧追番更轻……
"
安卓资源,2023-03-24,https://ruanjianku.cloud/dahai/,大海视频 Ver.2.5.2 去广告版,"大海视频app是一个每天都有大量影视剧可以免费提供观看到饿手机播放器，用户下载软件可以自由观看影视大片不用充值花钱，全网影视剧都有覆盖，让你想看什么就……
"
安卓资源,2023-03-26,https://ruanjianku.cloud/tieba/,百度贴吧 v12.38.1.0 广告纯净版,"百度贴吧极速版，全面提升产品使用流畅性，更快更省流量！百度贴吧手机客户端 — 上贴吧，找组织!由于系统版本的问题，部分Android2.3系统的用户无法安装贴吧，……
"
安卓资源,2023-03-26,https://ruanjianku.cloud/kuwoyinyue/,酷我音乐 v10.3.8 豪华VIP安卓精简版,"酷我音乐拥有曲库量近2000万首，与100余家唱片公司签署独家代理版权，拥有海量歌曲，是手机听歌必备软件；但遗憾的是很多都是要会员才能听，今天就给大家分享……
"
TV软件,2023-03-26,https://ruanjianku.cloud/quanminkaige/,全民K歌TV联想盒子提取-去更新版,"马上春节小长假就要来了，甚至有些小伙伴现在已经进入假期状态全民K歌联想盒子提取版 免会员|去更新提示-第1张图片-分享迷；假期里面，部分平时不怎么开电视的……
"
安卓资源,2023-03-26,https://ruanjianku.cloud/cili/,超强磁力下载 Ver.1.0.8 会员解锁版,"超强磁力下载工具，资源下载无限制，支持边看边播的神器，一款非常优秀的磁力下载工具，下载速度非常快，没有任何限制，免费无广告，啥资源都可以下，秒杀网络……
"
安卓资源,2023-03-26,https://ruanjianku.cloud/lekan/,乐看视频 v15.5.4 VIP版 支持投屏,"乐看视频是一款专注于蓝光画质的聚合影视搜索引擎APP，提供高质量的追剧体验。软件原版优质路线需要VIP或者需要观看广告，此版本：解锁VIP线路，无须观看广告……
"
电脑软件,2023-03-25,https://ruanjianku.cloud/pdf/,PDF文件编辑器软件 VIP,"日常工作中经常会碰到各类PDF文件，对处理PDF文件的软件需要还是挺大的；一款操作简单易上手的PDF文件编辑器软件，提供了4种常用的PDF编辑功能：编辑、注释、……
"
安卓资源,2023-03-25,https://ruanjianku.cloud/taiji-2/,太极工具箱 v1.0.2,"作为8度软件库的粉丝，很多都是玩机高手，对于捣腾软件其实是一种很大的乐趣。我们在生活工作中，时常会为了满足实现某些功能，而下载各种各样不同功能的软件……
"
安卓资源,2023-03-25,https://ruanjianku.cloud/ssdm/,嘀嘀动漫 Ver.1.7.5 解锁会员,"嘀嘀动漫高级版是经过修改的版本，让大家登录后就有永久的VIP会员，去除了广告，让你有着更好的追番体验。
&nbsp;
&nbsp;
点击这里下载
"
安卓资源,2023-03-24,https://ruanjianku.cloud/chunyutang/,春雨堂研究院 最好的聚合导航网站,"努力做全网最好最全的导航网站
&nbsp;
&nbsp;
点击这里获取
&nbsp;
"
安卓资源,2023-03-24,https://ruanjianku.cloud/ytb/,YTB视频 视频无限看,"为了安全，使用空手机贴住摄像头安全效果更佳，默默看视频就好了，请勿相信视频内嵌的任何广告，如果你还是被骗一定要发到群里!让大家知道你是傻X，低调使用。……
"
安卓资源,2023-03-27,https://ruanjianku.cloud/via/,Via浏览器4.4.5,"本版本在官方的版本上增加了更多的广告拦截规则，安静的浏览器我们不会给你推送新闻、天气等，从不假装懂你。 ✓清爽的浏览器多种广告拦截方式，让你专注内容。……
"
安卓资源,2023-03-27,https://ruanjianku.cloud/sanxing/,三星VPN4.6 高级版,"大厂出的VPN ,速度一般般，一直以来还是很稳定的，9个地区节点，美国的节点相对快些。
&nbsp;
&nbsp;
&nbsp;
&nbsp;
点击这里下载
&nbsp;
&nbsp;
"
安卓资源,2023-03-27,https://ruanjianku.cloud/taiquan/,泰圈 Ver.1.5.5.4 原泰剧迷 登陆去广告版,"泰圈视频app是一款内容丰富的影视播放软件，拥有海量国内外视频资源，包括各类热门大片、最新电视剧、综艺漫画等。播放流畅稳定，可设置多种选项，为您带来舒……
"
安卓资源,2023-03-26,https://ruanjianku.cloud/tieba/,百度贴吧 v12.38.1.0 广告纯净版,"百度贴吧极速版，全面提升产品使用流畅性，更快更省流量！百度贴吧手机客户端 — 上贴吧，找组织!由于系统版本的问题，部分Android2.3系统的用户无法安装贴吧，……
"
安卓资源,2023-03-26,https://ruanjianku.cloud/kuwoyinyue/,酷我音乐 v10.3.8 豪华VIP安卓精简版,"酷我音乐拥有曲库量近2000万首，与100余家唱片公司签署独家代理版权，拥有海量歌曲，是手机听歌必备软件；但遗憾的是很多都是要会员才能听，今天就给大家分享……
"
TV软件,2023-03-26,https://ruanjianku.cloud/quanminkaige/,全民K歌TV联想盒子提取-去更新版,"马上春节小长假就要来了，甚至有些小伙伴现在已经进入假期状态全民K歌联想盒子提取版 免会员|去更新提示-第1张图片-分享迷；假期里面，部分平时不怎么开电视的……
"
安卓资源,2023-03-26,https://ruanjianku.cloud/cili/,超强磁力下载 Ver.1.0.8 会员解锁版,"超强磁力下载工具，资源下载无限制，支持边看边播的神器，一款非常优秀的磁力下载工具，下载速度非常快，没有任何限制，免费无广告，啥资源都可以下，秒杀网络……
"
安卓资源,2023-03-26,https://ruanjianku.cloud/lekan/,乐看视频 v15.5.4 VIP版 支持投屏,"乐看视频是一款专注于蓝光画质的聚合影视搜索引擎APP，提供高质量的追剧体验。软件原版优质路线需要VIP或者需要观看广告，此版本：解锁VIP线路，无须观看广告……
"
电脑软件,2023-03-25,https://ruanjianku.cloud/pdf/,PDF文件编辑器软件 VIP,"日常工作中经常会碰到各类PDF文件，对处理PDF文件的软件需要还是挺大的；一款操作简单易上手的PDF文件编辑器软件，提供了4种常用的PDF编辑功能：编辑、注释、……
"
安卓资源,2023-03-25,https://ruanjianku.cloud/taiji-2/,太极工具箱 v1.0.2,"作为8度软件库的粉丝，很多都是玩机高手，对于捣腾软件其实是一种很大的乐趣。我们在生活工作中，时常会为了满足实现某些功能，而下载各种各样不同功能的软件……
"
安卓资源,2023-03-27,https://ruanjianku.cloud/via/,Via浏览器4.4.5,"本版本在官方的版本上增加了更多的广告拦截规则，安静的浏览器我们不会给你推送新闻、天气等，从不假装懂你。 ✓清爽的浏览器多种广告拦截方式，让你专注内容。……
"
安卓资源,2023-03-27,https://ruanjianku.cloud/sanxing/,三星VPN4.6 高级版,"大厂出的VPN ,速度一般般，一直以来还是很稳定的，9个地区节点，美国的节点相对快些。
&nbsp;
&nbsp;
&nbsp;
&nbsp;
点击这里下载
&nbsp;
&nbsp;
"
安卓资源,2023-03-27,https://ruanjianku.cloud/taiquan/,泰圈 Ver.1.5.5.4 原泰剧迷 登陆去广告版,"泰圈视频app是一款内容丰富的影视播放软件，拥有海量国内外视频资源，包括各类热门大片、最新电视剧、综艺漫画等。播放流畅稳定，可设置多种选项，为您带来舒……
"
安卓资源,2023-03-26,https://ruanjianku.cloud/tieba/,百度贴吧 v12.38.1.0 广告纯净版,"百度贴吧极速版，全面提升产品使用流畅性，更快更省流量！百度贴吧手机客户端 — 上贴吧，找组织!由于系统版本的问题，部分Android2.3系统的用户无法安装贴吧，……
"
安卓资源,2023-03-26,https://ruanjianku.cloud/kuwoyinyue/,酷我音乐 v10.3.8 豪华VIP安卓精简版,"酷我音乐拥有曲库量近2000万首，与100余家唱片公司签署独家代理版权，拥有海量歌曲，是手机听歌必备软件；但遗憾的是很多都是要会员才能听，今天就给大家分享……
"
TV软件,2023-03-26,https://ruanjianku.cloud/quanminkaige/,全民K歌TV联想盒子提取-去更新版,"马上春节小长假就要来了，甚至有些小伙伴现在已经进入假期状态全民K歌联想盒子提取版 免会员|去更新提示-第1张图片-分享迷；假期里面，部分平时不怎么开电视的……
"
安卓资源,2023-03-26,https://ruanjianku.cloud/cili/,超强磁力下载 Ver.1.0.8 会员解锁版,"超强磁力下载工具，资源下载无限制，支持边看边播的神器，一款非常优秀的磁力下载工具，下载速度非常快，没有任何限制，免费无广告，啥资源都可以下，秒杀网络……
"
安卓资源,2023-03-26,https://ruanjianku.cloud/lekan/,乐看视频 v15.5.4 VIP版 支持投屏,"乐看视频是一款专注于蓝光画质的聚合影视搜索引擎APP，提供高质量的追剧体验。软件原版优质路线需要VIP或者需要观看广告，此版本：解锁VIP线路，无须观看广告……
"
电脑软件,2023-03-25,https://ruanjianku.cloud/pdf/,PDF文件编辑器软件 VIP,"日常工作中经常会碰到各类PDF文件，对处理PDF文件的软件需要还是挺大的；一款操作简单易上手的PDF文件编辑器软件，提供了4种常用的PDF编辑功能：编辑、注释、……
"
安卓资源,2023-03-25,https://ruanjianku.cloud/taiji-2/,太极工具箱 v1.0.2,"作为8度软件库的粉丝，很多都是玩机高手，对于捣腾软件其实是一种很大的乐趣。我们在生活工作中，时常会为了满足实现某些功能，而下载各种各样不同功能的软件……
"
电脑软件,2023-03-29,https://ruanjianku.cloud/google-chrome/,Google Chrome 110.0.5481.100 谷歌浏览器正式版,"Google Chrome （谷歌浏览器）现在最流行，最火的浏览器，开发人员最喜爱的浏览器。是由 Google 开发的一款设计简单、运行高效、支持扩展的浏览器，它基于高速……
"
安卓资源,2023-03-29,https://ruanjianku.cloud/36manhua/,36漫画 Ver.9.10.209 去广告版,"36漫画免费小说是一款全新优质的小说漫画阅读的软件。多方位的分类定位，让用户们能够感受更加优质的书籍挑战哦！这里的故事情节很感人，让人看了还想看哦！还……
"
TV软件,2023-03-28,https://ruanjianku.cloud/qbgs/,少儿教育 亲宝故事会TV2.0.3,"亲宝故事会，专门为0-6岁儿童设计的能边看边听的故事绘本系列，包括成语故事、童话故事、寓言典故、传统节日故事等不同类型的寓教于乐，适合幼儿心理特点的故……
"
电脑软件,2023-03-28,https://ruanjianku.cloud/mkvtoolnix/,MKVToolNix V75 视频封装工具 便携版,"一款非常好用的mkv格式电影视频封装软件，可以将视频、多声道音频、字幕封装为mkv文件；特别适合收藏高清晰度蓝光电影资源的爱好者，遇到下载的电影资源不满意……
"
安卓资源,2023-03-27,https://ruanjianku.cloud/via/,Via浏览器4.4.5,"本版本在官方的版本上增加了更多的广告拦截规则，安静的浏览器我们不会给你推送新闻、天气等，从不假装懂你。 ✓清爽的浏览器多种广告拦截方式，让你专注内容。……
"
安卓资源,2023-03-27,https://ruanjianku.cloud/sanxing/,三星VPN4.6 高级版,"大厂出的VPN ,速度一般般，一直以来还是很稳定的，9个地区节点，美国的节点相对快些。
&nbsp;
&nbsp;
&nbsp;
&nbsp;
点击这里下载
&nbsp;
&nbsp;
"
安卓资源,2023-03-27,https://ruanjianku.cloud/taiquan/,泰圈 Ver.1.5.5.4 原泰剧迷 登陆去广告版,"泰圈视频app是一款内容丰富的影视播放软件，拥有海量国内外视频资源，包括各类热门大片、最新电视剧、综艺漫画等。播放流畅稳定，可设置多种选项，为您带来舒……
"
安卓资源,2023-03-26,https://ruanjianku.cloud/tieba/,百度贴吧 v12.38.1.0 广告纯净版,"百度贴吧极速版，全面提升产品使用流畅性，更快更省流量！百度贴吧手机客户端 — 上贴吧，找组织!由于系统版本的问题，部分Android2.3系统的用户无法安装贴吧，……
"
安卓资源,2023-03-26,https://ruanjianku.cloud/kuwoyinyue/,酷我音乐 v10.3.8 豪华VIP安卓精简版,"酷我音乐拥有曲库量近2000万首，与100余家唱片公司签署独家代理版权，拥有海量歌曲，是手机听歌必备软件；但遗憾的是很多都是要会员才能听，今天就给大家分享……
"
TV软件,2023-03-26,https://ruanjianku.cloud/quanminkaige/,全民K歌TV联想盒子提取-去更新版,"马上春节小长假就要来了，甚至有些小伙伴现在已经进入假期状态全民K歌联想盒子提取版 免会员|去更新提示-第1张图片-分享迷；假期里面，部分平时不怎么开电视的……
"
电脑软件,2023-03-29,https://ruanjianku.cloud/google-chrome/,Google Chrome 110.0.5481.100 谷歌浏览器正式版,"Google Chrome （谷歌浏览器）现在最流行，最火的浏览器，开发人员最喜爱的浏览器。是由 Google 开发的一款设计简单、运行高效、支持扩展的浏览器，它基于高速……
"
安卓资源,2023-03-29,https://ruanjianku.cloud/36manhua/,36漫画 Ver.9.10.209 去广告版,"36漫画免费小说是一款全新优质的小说漫画阅读的软件。多方位的分类定位，让用户们能够感受更加优质的书籍挑战哦！这里的故事情节很感人，让人看了还想看哦！还……
"
TV软件,2023-03-28,https://ruanjianku.cloud/qbgs/,少儿教育 亲宝故事会TV2.0.3,"亲宝故事会，专门为0-6岁儿童设计的能边看边听的故事绘本系列，包括成语故事、童话故事、寓言典故、传统节日故事等不同类型的寓教于乐，适合幼儿心理特点的故……
"
电脑软件,2023-03-28,https://ruanjianku.cloud/mkvtoolnix/,MKVToolNix V75 视频封装工具 便携版,"一款非常好用的mkv格式电影视频封装软件，可以将视频、多声道音频、字幕封装为mkv文件；特别适合收藏高清晰度蓝光电影资源的爱好者，遇到下载的电影资源不满意……
"
安卓资源,2023-03-27,https://ruanjianku.cloud/via/,Via浏览器4.4.5,"本版本在官方的版本上增加了更多的广告拦截规则，安静的浏览器我们不会给你推送新闻、天气等，从不假装懂你。 ✓清爽的浏览器多种广告拦截方式，让你专注内容。……
"
安卓资源,2023-03-27,https://ruanjianku.cloud/sanxing/,三星VPN4.6 高级版,"大厂出的VPN ,速度一般般，一直以来还是很稳定的，9个地区节点，美国的节点相对快些。
&nbsp;
&nbsp;
&nbsp;
&nbsp;
点击这里下载
&nbsp;
&nbsp;
"
安卓资源,2023-03-27,https://ruanjianku.cloud/taiquan/,泰圈 Ver.1.5.5.4 原泰剧迷 登陆去广告版,"泰圈视频app是一款内容丰富的影视播放软件，拥有海量国内外视频资源，包括各类热门大片、最新电视剧、综艺漫画等。播放流畅稳定，可设置多种选项，为您带来舒……
"
安卓资源,2023-03-26,https://ruanjianku.cloud/tieba/,百度贴吧 v12.38.1.0 广告纯净版,"百度贴吧极速版，全面提升产品使用流畅性，更快更省流量！百度贴吧手机客户端 — 上贴吧，找组织!由于系统版本的问题，部分Android2.3系统的用户无法安装贴吧，……
"
安卓资源,2023-03-26,https://ruanjianku.cloud/kuwoyinyue/,酷我音乐 v10.3.8 豪华VIP安卓精简版,"酷我音乐拥有曲库量近2000万首，与100余家唱片公司签署独家代理版权，拥有海量歌曲，是手机听歌必备软件；但遗憾的是很多都是要会员才能听，今天就给大家分享……
"
TV软件,2023-03-26,https://ruanjianku.cloud/quanminkaige/,全民K歌TV联想盒子提取-去更新版,"马上春节小长假就要来了，甚至有些小伙伴现在已经进入假期状态全民K歌联想盒子提取版 免会员|去更新提示-第1张图片-分享迷；假期里面，部分平时不怎么开电视的……
"
安卓资源,2023-03-31,https://ruanjianku.cloud/yeguo/,野果阅读_Ver_1_1_8_自带多书源_看书听书_去广告版,"野果阅读是一款换源小说APP,提供全网小说免费阅读、听书、下载,享受随时随地流畅的听书体验,为您推荐时下新书好书,更有丰富的书友互动、分享你的读书灵感.
&nb……
"
电脑软件,2023-03-31,https://ruanjianku.cloud/ccleaner/,垃圾清理软件 CCleaner 6.08.10255 免装注册专业便携版,"CCleaner 是一款由梨子公司（Piriform）开发的系统优化和隐私保护软件，不仅在国外用户众多，在国内用的人也非常多。它可以清除Windows系统不再使用的垃圾文件……
"
安卓资源,2023-03-31,https://ruanjianku.cloud/xiaoxiong/,小熊影视 v4.2 去广告纯净版,"小熊影视APP安卓版是一款免费好用的影视追剧软件，海量高清正版的影视资源实时更新，各种热门的最新的影视节目都能同步在线观看，支持投屏和缓存等多种功能，……
"
电脑软件,2023-03-30,https://ruanjianku.cloud/winrar/,WinRAR_5.80_x64_SC 官方版本,"Winrar是一款功能强大的文件压缩解压缩工具。现在有32位和64位，支持目前绝大多数的压缩文件格式，包含强力压缩、分卷、加密和自解压模块，简单易用。而且WinR……
"
电脑软件,2023-03-30,https://ruanjianku.cloud/windows10-pro/,Windows10 Pro 纯净精简 不忘初心版,"Windows10 Pro也许是迄今为止最好的Windows——Windows10,现已推出win10优化作品,一如既往的品质更稳定更好用的win10纯净版系统欢迎你下载体验。
&nbsp;
&nbsp;……
"
破解游戏,2023-03-30,https://ruanjianku.cloud/fruit-ninja/,水果忍者经典版破解版 内购破解，不闪退，钻石随便买。,"水果忍者是一款非常经典好玩的切水果类休闲益智手游，自上线就来深受广大玩家们的喜爱，即使经过这么长时间的冲刷，依然有不少的用户在玩这款游戏。游戏的玩法……
"
电脑软件,2023-03-29,https://ruanjianku.cloud/google-chrome/,Google Chrome 110.0.5481.100 谷歌浏览器正式版,"Google Chrome （谷歌浏览器）现在最流行，最火的浏览器，开发人员最喜爱的浏览器。是由 Google 开发的一款设计简单、运行高效、支持扩展的浏览器，它基于高速……
"
安卓资源,2023-03-29,https://ruanjianku.cloud/36manhua/,36漫画 Ver.9.10.209 去广告版,"36漫画免费小说是一款全新优质的小说漫画阅读的软件。多方位的分类定位，让用户们能够感受更加优质的书籍挑战哦！这里的故事情节很感人，让人看了还想看哦！还……
"
TV软件,2023-03-28,https://ruanjianku.cloud/qbgs/,少儿教育 亲宝故事会TV2.0.3,"亲宝故事会，专门为0-6岁儿童设计的能边看边听的故事绘本系列，包括成语故事、童话故事、寓言典故、传统节日故事等不同类型的寓教于乐，适合幼儿心理特点的故……
"
电脑软件,2023-03-28,https://ruanjianku.cloud/mkvtoolnix/,MKVToolNix V75 视频封装工具 便携版,"一款非常好用的mkv格式电影视频封装软件，可以将视频、多声道音频、字幕封装为mkv文件；特别适合收藏高清晰度蓝光电影资源的爱好者，遇到下载的电影资源不满意……
"
安卓资源,2023-03-31,https://ruanjianku.cloud/yeguo/,野果阅读_Ver_1_1_8_自带多书源_看书听书_去广告版,"野果阅读是一款换源小说APP,提供全网小说免费阅读、听书、下载,享受随时随地流畅的听书体验,为您推荐时下新书好书,更有丰富的书友互动、分享你的读书灵感.
&nb……
"
电脑软件,2023-03-31,https://ruanjianku.cloud/ccleaner/,垃圾清理软件 CCleaner 6.08.10255 免装注册专业便携版,"CCleaner 是一款由梨子公司（Piriform）开发的系统优化和隐私保护软件，不仅在国外用户众多，在国内用的人也非常多。它可以清除Windows系统不再使用的垃圾文件……
"
安卓资源,2023-03-31,https://ruanjianku.cloud/xiaoxiong/,小熊影视 v4.2 去广告纯净版,"小熊影视APP安卓版是一款免费好用的影视追剧软件，海量高清正版的影视资源实时更新，各种热门的最新的影视节目都能同步在线观看，支持投屏和缓存等多种功能，……
"
电脑软件,2023-03-30,https://ruanjianku.cloud/winrar/,WinRAR_5.80_x64_SC 官方版本,"Winrar是一款功能强大的文件压缩解压缩工具。现在有32位和64位，支持目前绝大多数的压缩文件格式，包含强力压缩、分卷、加密和自解压模块，简单易用。而且WinR……
"
电脑软件,2023-03-30,https://ruanjianku.cloud/windows10-pro/,Windows10 Pro 纯净精简 不忘初心版,"Windows10 Pro也许是迄今为止最好的Windows——Windows10,现已推出win10优化作品,一如既往的品质更稳定更好用的win10纯净版系统欢迎你下载体验。
&nbsp;
&nbsp;……
"
破解游戏,2023-03-30,https://ruanjianku.cloud/fruit-ninja/,水果忍者经典版破解版 内购破解，不闪退，钻石随便买。,"水果忍者是一款非常经典好玩的切水果类休闲益智手游，自上线就来深受广大玩家们的喜爱，即使经过这么长时间的冲刷，依然有不少的用户在玩这款游戏。游戏的玩法……
"
电脑软件,2023-03-29,https://ruanjianku.cloud/google-chrome/,Google Chrome 110.0.5481.100 谷歌浏览器正式版,"Google Chrome （谷歌浏览器）现在最流行，最火的浏览器，开发人员最喜爱的浏览器。是由 Google 开发的一款设计简单、运行高效、支持扩展的浏览器，它基于高速……
"
安卓资源,2023-03-29,https://ruanjianku.cloud/36manhua/,36漫画 Ver.9.10.209 去广告版,"36漫画免费小说是一款全新优质的小说漫画阅读的软件。多方位的分类定位，让用户们能够感受更加优质的书籍挑战哦！这里的故事情节很感人，让人看了还想看哦！还……
"
TV软件,2023-03-28,https://ruanjianku.cloud/qbgs/,少儿教育 亲宝故事会TV2.0.3,"亲宝故事会，专门为0-6岁儿童设计的能边看边听的故事绘本系列，包括成语故事、童话故事、寓言典故、传统节日故事等不同类型的寓教于乐，适合幼儿心理特点的故……
"
电脑软件,2023-03-28,https://ruanjianku.cloud/mkvtoolnix/,MKVToolNix V75 视频封装工具 便携版,"一款非常好用的mkv格式电影视频封装软件，可以将视频、多声道音频、字幕封装为mkv文件；特别适合收藏高清晰度蓝光电影资源的爱好者，遇到下载的电影资源不满意……
"
破解游戏,2023-04-02,https://ruanjianku.cloud/qingganjiaozhi/,情感交织0.6 无广告畅玩,"情感交织是一款非常好玩的模拟类养成游戏，这款游戏玩法简单，这款游戏主要以恋爱为主，在这款游戏中你有很多精彩的恋情，角色中每个人的性格不一样，各种不同……
"
破解游戏,2023-04-02,https://ruanjianku.cloud/nvzhubo/,我的女主播v1.6 修改不用看广告 可获取大量金币,"玩不了现实中的女主播，就来玩我的女主播这款黄油小游戏，无需看广告即可获取大量的金币，女主播多多，打赏吧少年，想怎么玩就怎么玩，让你爽个够。
&nbsp;
&……
"
源码资源,2023-04-01,https://ruanjianku.cloud/dujiao/,独角数卡源码 搭建发卡网,"发卡平台大家应该都见过，一些软件、激活码、会员等虚拟产品都可以放到这上面来出售。我这使用的发卡项目是开源的独角数卡，界面和功能都很符合我口味，挺不错……
"
电脑软件,2023-04-01,https://ruanjianku.cloud/google-chrome/,Google Chrome 110.0.5481.100 谷歌浏览器正式版,"Google Chrome （谷歌浏览器）现在最流行，最火的浏览器，开发人员最喜爱的浏览器。是由 Google 开发的一款设计简单、运行高效、支持扩展的浏览器，它基于高速……
"
视频教程,2023-04-01,https://ruanjianku.cloud/rjkapp/,搭建自己的软件库APP,"软件库源码：https://wwp.lanzouf.com/iRsoO084ujmj 或自己在网上找
搭建流程： 1）准备VPS 域名先解析VPS IP
2）finalshell连接VPS 安装了宝塔 https://www.b……
"
安卓资源,2023-03-31,https://ruanjianku.cloud/yeguo/,野果阅读_Ver_1_1_8_自带多书源_看书听书_去广告版,"野果阅读是一款换源小说APP,提供全网小说免费阅读、听书、下载,享受随时随地流畅的听书体验,为您推荐时下新书好书,更有丰富的书友互动、分享你的读书灵感.
&nb……
"
电脑软件,2023-03-31,https://ruanjianku.cloud/ccleaner/,垃圾清理软件 CCleaner 6.08.10255 免装注册专业便携版,"CCleaner 是一款由梨子公司（Piriform）开发的系统优化和隐私保护软件，不仅在国外用户众多，在国内用的人也非常多。它可以清除Windows系统不再使用的垃圾文件……
"
安卓资源,2023-03-31,https://ruanjianku.cloud/xiaoxiong/,小熊影视 v4.2 去广告纯净版,"小熊影视APP安卓版是一款免费好用的影视追剧软件，海量高清正版的影视资源实时更新，各种热门的最新的影视节目都能同步在线观看，支持投屏和缓存等多种功能，……
"
电脑软件,2023-03-30,https://ruanjianku.cloud/winrar/,WinRAR_5.80_x64_SC 官方版本,"Winrar是一款功能强大的文件压缩解压缩工具。现在有32位和64位，支持目前绝大多数的压缩文件格式，包含强力压缩、分卷、加密和自解压模块，简单易用。而且WinR……
"
电脑软件,2023-03-30,https://ruanjianku.cloud/windows10-pro/,Windows10 Pro 纯净精简 不忘初心版,"Windows10 Pro也许是迄今为止最好的Windows——Windows10,现已推出win10优化作品,一如既往的品质更稳定更好用的win10纯净版系统欢迎你下载体验。
&nbsp;
&nbsp;……
"
破解游戏,2023-04-02,https://ruanjianku.cloud/qingganjiaozhi/,情感交织0.6 无广告畅玩,"情感交织是一款非常好玩的模拟类养成游戏，这款游戏玩法简单，这款游戏主要以恋爱为主，在这款游戏中你有很多精彩的恋情，角色中每个人的性格不一样，各种不同……
"
破解游戏,2023-04-02,https://ruanjianku.cloud/nvzhubo/,我的女主播v1.6 修改不用看广告 可获取大量金币,"玩不了现实中的女主播，就来玩我的女主播这款黄油小游戏，无需看广告即可获取大量的金币，女主播多多，打赏吧少年，想怎么玩就怎么玩，让你爽个够。
&nbsp;
&……
"
源码资源,2023-04-01,https://ruanjianku.cloud/dujiao/,独角数卡源码 搭建发卡网,"发卡平台大家应该都见过，一些软件、激活码、会员等虚拟产品都可以放到这上面来出售。我这使用的发卡项目是开源的独角数卡，界面和功能都很符合我口味，挺不错……
"
电脑软件,2023-04-01,https://ruanjianku.cloud/google-chrome/,Google Chrome 110.0.5481.100 谷歌浏览器正式版,"Google Chrome （谷歌浏览器）现在最流行，最火的浏览器，开发人员最喜爱的浏览器。是由 Google 开发的一款设计简单、运行高效、支持扩展的浏览器，它基于高速……
"
视频教程,2023-04-01,https://ruanjianku.cloud/rjkapp/,搭建自己的软件库APP,"软件库源码：https://wwp.lanzouf.com/iRsoO084ujmj 或自己在网上找
搭建流程： 1）准备VPS 域名先解析VPS IP
2）finalshell连接VPS 安装了宝塔 https://www.b……
"
安卓资源,2023-03-31,https://ruanjianku.cloud/yeguo/,野果阅读_Ver_1_1_8_自带多书源_看书听书_去广告版,"野果阅读是一款换源小说APP,提供全网小说免费阅读、听书、下载,享受随时随地流畅的听书体验,为您推荐时下新书好书,更有丰富的书友互动、分享你的读书灵感.
&nb……
"
电脑软件,2023-03-31,https://ruanjianku.cloud/ccleaner/,垃圾清理软件 CCleaner 6.08.10255 免装注册专业便携版,"CCleaner 是一款由梨子公司（Piriform）开发的系统优化和隐私保护软件，不仅在国外用户众多，在国内用的人也非常多。它可以清除Windows系统不再使用的垃圾文件……
"
安卓资源,2023-03-31,https://ruanjianku.cloud/xiaoxiong/,小熊影视 v4.2 去广告纯净版,"小熊影视APP安卓版是一款免费好用的影视追剧软件，海量高清正版的影视资源实时更新，各种热门的最新的影视节目都能同步在线观看，支持投屏和缓存等多种功能，……
"
电脑软件,2023-03-30,https://ruanjianku.cloud/winrar/,WinRAR_5.80_x64_SC 官方版本,"Winrar是一款功能强大的文件压缩解压缩工具。现在有32位和64位，支持目前绝大多数的压缩文件格式，包含强力压缩、分卷、加密和自解压模块，简单易用。而且WinR……
"
电脑软件,2023-03-30,https://ruanjianku.cloud/windows10-pro/,Windows10 Pro 纯净精简 不忘初心版,"Windows10 Pro也许是迄今为止最好的Windows——Windows10,现已推出win10优化作品,一如既往的品质更稳定更好用的win10纯净版系统欢迎你下载体验。
&nbsp;
&nbsp;……
"
破解游戏,2023-04-04,https://ruanjianku.cloud/fengmo/,封魔少女マイサ,"这是一款非常好玩的二次元养成类游戏，手机游戏，玩起来很方便，随时随地都能打开游戏，这款游戏让你体验到不一样的游戏乐趣，画风精致，画面感很真实，代入感……
"
科学上网,2023-04-04,https://ruanjianku.cloud/anyivpn/,安易加速器 11天黄金会员版,"江湖流传一款速度快的VPN，使用任意邮箱注册（不验证邮箱）就送10天会员，安易加速器,稳定快速,安全保密,一键科学上网,免费体验不限流量的无日志高速VPN,安易……
"
破解游戏,2023-04-02,https://ruanjianku.cloud/qingganjiaozhi/,情感交织0.6 无广告畅玩,"情感交织是一款非常好玩的模拟类养成游戏，这款游戏玩法简单，这款游戏主要以恋爱为主，在这款游戏中你有很多精彩的恋情，角色中每个人的性格不一样，各种不同……
"
破解游戏,2023-04-02,https://ruanjianku.cloud/nvzhubo/,我的女主播v1.6 修改不用看广告 可获取大量金币,"玩不了现实中的女主播，就来玩我的女主播这款黄油小游戏，无需看广告即可获取大量的金币，女主播多多，打赏吧少年，想怎么玩就怎么玩，让你爽个够。
&nbsp;
&……
"
源码资源,2023-04-01,https://ruanjianku.cloud/dujiao/,独角数卡源码 搭建发卡网,"发卡平台大家应该都见过，一些软件、激活码、会员等虚拟产品都可以放到这上面来出售。我这使用的发卡项目是开源的独角数卡，界面和功能都很符合我口味，挺不错……
"
电脑软件,2023-04-01,https://ruanjianku.cloud/google-chrome/,Google Chrome 110.0.5481.100 谷歌浏览器正式版,"Google Chrome （谷歌浏览器）现在最流行，最火的浏览器，开发人员最喜爱的浏览器。是由 Google 开发的一款设计简单、运行高效、支持扩展的浏览器，它基于高速……
"
视频教程,2023-04-01,https://ruanjianku.cloud/rjkapp/,搭建自己的软件库APP,"软件库源码：https://wwp.lanzouf.com/iRsoO084ujmj 或自己在网上找
搭建流程： 1）准备VPS 域名先解析VPS IP
2）finalshell连接VPS 安装了宝塔 https://www.b……
"
安卓资源,2023-03-31,https://ruanjianku.cloud/yeguo/,野果阅读_Ver_1_1_8_自带多书源_看书听书_去广告版,"野果阅读是一款换源小说APP,提供全网小说免费阅读、听书、下载,享受随时随地流畅的听书体验,为您推荐时下新书好书,更有丰富的书友互动、分享你的读书灵感.
&nb……
"
电脑软件,2023-03-31,https://ruanjianku.cloud/ccleaner/,垃圾清理软件 CCleaner 6.08.10255 免装注册专业便携版,"CCleaner 是一款由梨子公司（Piriform）开发的系统优化和隐私保护软件，不仅在国外用户众多，在国内用的人也非常多。它可以清除Windows系统不再使用的垃圾文件……
"
安卓资源,2023-03-31,https://ruanjianku.cloud/xiaoxiong/,小熊影视 v4.2 去广告纯净版,"小熊影视APP安卓版是一款免费好用的影视追剧软件，海量高清正版的影视资源实时更新，各种热门的最新的影视节目都能同步在线观看，支持投屏和缓存等多种功能，……
"
破解游戏,2023-04-04,https://ruanjianku.cloud/fengmo/,封魔少女マイサ,"这是一款非常好玩的二次元养成类游戏，手机游戏，玩起来很方便，随时随地都能打开游戏，这款游戏让你体验到不一样的游戏乐趣，画风精致，画面感很真实，代入感……
"
科学上网,2023-04-04,https://ruanjianku.cloud/anyivpn/,安易加速器 11天黄金会员版,"江湖流传一款速度快的VPN，使用任意邮箱注册（不验证邮箱）就送10天会员，安易加速器,稳定快速,安全保密,一键科学上网,免费体验不限流量的无日志高速VPN,安易……
"
破解游戏,2023-04-02,https://ruanjianku.cloud/qingganjiaozhi/,情感交织0.6 无广告畅玩,"情感交织是一款非常好玩的模拟类养成游戏，这款游戏玩法简单，这款游戏主要以恋爱为主，在这款游戏中你有很多精彩的恋情，角色中每个人的性格不一样，各种不同……
"
破解游戏,2023-04-02,https://ruanjianku.cloud/nvzhubo/,我的女主播v1.6 修改不用看广告 可获取大量金币,"玩不了现实中的女主播，就来玩我的女主播这款黄油小游戏，无需看广告即可获取大量的金币，女主播多多，打赏吧少年，想怎么玩就怎么玩，让你爽个够。
&nbsp;
&……
"
源码资源,2023-04-01,https://ruanjianku.cloud/dujiao/,独角数卡源码 搭建发卡网,"发卡平台大家应该都见过，一些软件、激活码、会员等虚拟产品都可以放到这上面来出售。我这使用的发卡项目是开源的独角数卡，界面和功能都很符合我口味，挺不错……
"
电脑软件,2023-04-01,https://ruanjianku.cloud/google-chrome/,Google Chrome 110.0.5481.100 谷歌浏览器正式版,"Google Chrome （谷歌浏览器）现在最流行，最火的浏览器，开发人员最喜爱的浏览器。是由 Google 开发的一款设计简单、运行高效、支持扩展的浏览器，它基于高速……
"
视频教程,2023-04-01,https://ruanjianku.cloud/rjkapp/,搭建自己的软件库APP,"软件库源码：https://wwp.lanzouf.com/iRsoO084ujmj 或自己在网上找
搭建流程： 1）准备VPS 域名先解析VPS IP
2）finalshell连接VPS 安装了宝塔 https://www.b……
"
安卓资源,2023-03-31,https://ruanjianku.cloud/yeguo/,野果阅读_Ver_1_1_8_自带多书源_看书听书_去广告版,"野果阅读是一款换源小说APP,提供全网小说免费阅读、听书、下载,享受随时随地流畅的听书体验,为您推荐时下新书好书,更有丰富的书友互动、分享你的读书灵感.
&nb……
"
电脑软件,2023-03-31,https://ruanjianku.cloud/ccleaner/,垃圾清理软件 CCleaner 6.08.10255 免装注册专业便携版,"CCleaner 是一款由梨子公司（Piriform）开发的系统优化和隐私保护软件，不仅在国外用户众多，在国内用的人也非常多。它可以清除Windows系统不再使用的垃圾文件……
"
安卓资源,2023-03-31,https://ruanjianku.cloud/xiaoxiong/,小熊影视 v4.2 去广告纯净版,"小熊影视APP安卓版是一款免费好用的影视追剧软件，海量高清正版的影视资源实时更新，各种热门的最新的影视节目都能同步在线观看，支持投屏和缓存等多种功能，……
"
破解游戏,2023-04-04,https://ruanjianku.cloud/fengmo/,封魔少女マイサ,"这是一款非常好玩的二次元养成类游戏，手机游戏，玩起来很方便，随时随地都能打开游戏，这款游戏让你体验到不一样的游戏乐趣，画风精致，画面感很真实，代入感……
"
科学上网,2023-04-04,https://ruanjianku.cloud/anyivpn/,安易加速器 11天黄金会员版,"江湖流传一款速度快的VPN，使用任意邮箱注册（不验证邮箱）就送10天会员，安易加速器,稳定快速,安全保密,一键科学上网,免费体验不限流量的无日志高速VPN,安易……
"
破解游戏,2023-04-02,https://ruanjianku.cloud/qingganjiaozhi/,情感交织0.6 无广告畅玩,"情感交织是一款非常好玩的模拟类养成游戏，这款游戏玩法简单，这款游戏主要以恋爱为主，在这款游戏中你有很多精彩的恋情，角色中每个人的性格不一样，各种不同……
"
破解游戏,2023-04-02,https://ruanjianku.cloud/nvzhubo/,我的女主播v1.6 修改不用看广告 可获取大量金币,"玩不了现实中的女主播，就来玩我的女主播这款黄油小游戏，无需看广告即可获取大量的金币，女主播多多，打赏吧少年，想怎么玩就怎么玩，让你爽个够。
&nbsp;
&……
"
源码资源,2023-04-01,https://ruanjianku.cloud/dujiao/,独角数卡源码 搭建发卡网,"发卡平台大家应该都见过，一些软件、激活码、会员等虚拟产品都可以放到这上面来出售。我这使用的发卡项目是开源的独角数卡，界面和功能都很符合我口味，挺不错……
"
电脑软件,2023-04-01,https://ruanjianku.cloud/google-chrome/,Google Chrome 110.0.5481.100 谷歌浏览器正式版,"Google Chrome （谷歌浏览器）现在最流行，最火的浏览器，开发人员最喜爱的浏览器。是由 Google 开发的一款设计简单、运行高效、支持扩展的浏览器，它基于高速……
"
视频教程,2023-04-01,https://ruanjianku.cloud/rjkapp/,搭建自己的软件库APP,"软件库源码：https://wwp.lanzouf.com/iRsoO084ujmj 或自己在网上找
搭建流程： 1）准备VPS 域名先解析VPS IP
2）finalshell连接VPS 安装了宝塔 https://www.b……
"
安卓资源,2023-03-31,https://ruanjianku.cloud/yeguo/,野果阅读_Ver_1_1_8_自带多书源_看书听书_去广告版,"野果阅读是一款换源小说APP,提供全网小说免费阅读、听书、下载,享受随时随地流畅的听书体验,为您推荐时下新书好书,更有丰富的书友互动、分享你的读书灵感.
&nb……
"
电脑软件,2023-03-31,https://ruanjianku.cloud/ccleaner/,垃圾清理软件 CCleaner 6.08.10255 免装注册专业便携版,"CCleaner 是一款由梨子公司（Piriform）开发的系统优化和隐私保护软件，不仅在国外用户众多，在国内用的人也非常多。它可以清除Windows系统不再使用的垃圾文件……
"
安卓资源,2023-03-31,https://ruanjianku.cloud/xiaoxiong/,小熊影视 v4.2 去广告纯净版,"小熊影视APP安卓版是一款免费好用的影视追剧软件，海量高清正版的影视资源实时更新，各种热门的最新的影视节目都能同步在线观看，支持投屏和缓存等多种功能，……
"
安卓资源,2023-04-07,https://ruanjianku.cloud/taobao/,淘宝app谷歌版 10.22 华为定制版 v9.20 纯净无启动广告,"淘宝app华为定制版是专门为华为手机用户量身打造的。其在保留淘宝原有特色的同时，更加贴近华为用户的使用习惯和需求。华为定制版充分利用了华为手机硬件性能……
"
电脑软件,2023-04-07,https://ruanjianku.cloud/potplayer/,PotPlayer v1.7.21901 去广告绿色版,"potplayer就不多做介绍了，可以说是最牛逼的播放器了，解码强大，博主一直在用！今天分享的是PotPlayer v1.7.21589 正式版！电脑上必备的播放软件。
&nbsp;
&……
"
安卓资源,2023-04-07,https://ruanjianku.cloud/litiaotao/,李跳跳 2.2 自动跳过广告神器|支持安卓12,"说实话，软件适当内置广告，很多用户都能接受，毕竟官方也要恰饭。可问题是，某些APP各种骚操作，甚至有点流氓，极大影响使用体验。所以今天要给大家分享这款……
"
安卓资源,2023-04-06,https://ruanjianku.cloud/taiji-2/,太极工具箱 v1.0.9,"作为8度软件库的粉丝，很多都是玩机高手，对于捣腾软件其实是一种很大的乐趣。我们在生活工作中，时常会为了满足实现某些功能，而下载各种各样不同功能的软件……
"
安卓资源,2023-04-06,https://ruanjianku.cloud/shuihejiu/,谁喝酒app v1.3 聚会必备,"玩游戏活跃气氛就成了大部分人的选择，谁喝酒app就是这么一款手机必备的聚会游戏集合神器，提供了多种玩法，炸弹骰，俄罗斯左轮手枪、抽扑克…等各种游戏。
&nb……
"
安卓资源,2023-04-06,https://ruanjianku.cloud/duolingguo/,多邻国app v5.97.2 解锁版,"软件可登录也可不登录，所以功能都可以使用。我看到除了其他国家语言之外，还有咱们非常知名的方言粤语，学习教程通俗易懂，每天花几分钟就可以很有效果的学习……
"
科学上网,2023-04-06,https://ruanjianku.cloud/clash/,Clash.for.Windows-0.20.10 代理软件,"Clash for Windows是电脑必备的代理工具软件。软件里有强大的功能，用起来会让你觉得很惊喜。你用的时候会觉得功能真的很强大，其强大的策略组可以让我们方便……
"
电脑软件,2023-04-06,https://ruanjianku.cloud/imagine/,Imagine 0.7.4 图片压缩,"Imagine，一款免费开源跨平台的用于压缩WebP、PNG、JPEG的PC端应用，软件具有简单友好的图形界面，简约大气，操作简单，几乎就是一键式操作了。软件支持webp、……
"
破解游戏,2023-04-04,https://ruanjianku.cloud/fengmo/,封魔少女マイサ,"这是一款非常好玩的二次元养成类游戏，手机游戏，玩起来很方便，随时随地都能打开游戏，这款游戏让你体验到不一样的游戏乐趣，画风精致，画面感很真实，代入感……
"
科学上网,2023-04-04,https://ruanjianku.cloud/anyivpn/,安易加速器 11天黄金会员版,"江湖流传一款速度快的VPN，使用任意邮箱注册（不验证邮箱）就送10天会员，安易加速器,稳定快速,安全保密,一键科学上网,免费体验不限流量的无日志高速VPN,安易……
"
安卓资源,2023-04-07,https://ruanjianku.cloud/taobao/,淘宝app谷歌版 10.22 华为定制版 v9.20 纯净无启动广告,"淘宝app华为定制版是专门为华为手机用户量身打造的。其在保留淘宝原有特色的同时，更加贴近华为用户的使用习惯和需求。华为定制版充分利用了华为手机硬件性能……
"
电脑软件,2023-04-07,https://ruanjianku.cloud/potplayer/,PotPlayer v1.7.21901 去广告绿色版,"potplayer就不多做介绍了，可以说是最牛逼的播放器了，解码强大，博主一直在用！今天分享的是PotPlayer v1.7.21589 正式版！电脑上必备的播放软件。
&nbsp;
&……
"
安卓资源,2023-04-07,https://ruanjianku.cloud/litiaotao/,李跳跳 2.2 自动跳过广告神器|支持安卓12,"说实话，软件适当内置广告，很多用户都能接受，毕竟官方也要恰饭。可问题是，某些APP各种骚操作，甚至有点流氓，极大影响使用体验。所以今天要给大家分享这款……
"
安卓资源,2023-04-06,https://ruanjianku.cloud/taiji-2/,太极工具箱 v1.0.9,"作为8度软件库的粉丝，很多都是玩机高手，对于捣腾软件其实是一种很大的乐趣。我们在生活工作中，时常会为了满足实现某些功能，而下载各种各样不同功能的软件……
"
安卓资源,2023-04-06,https://ruanjianku.cloud/shuihejiu/,谁喝酒app v1.3 聚会必备,"玩游戏活跃气氛就成了大部分人的选择，谁喝酒app就是这么一款手机必备的聚会游戏集合神器，提供了多种玩法，炸弹骰，俄罗斯左轮手枪、抽扑克…等各种游戏。
&nb……
"
安卓资源,2023-04-06,https://ruanjianku.cloud/duolingguo/,多邻国app v5.97.2 解锁版,"软件可登录也可不登录，所以功能都可以使用。我看到除了其他国家语言之外，还有咱们非常知名的方言粤语，学习教程通俗易懂，每天花几分钟就可以很有效果的学习……
"
科学上网,2023-04-06,https://ruanjianku.cloud/clash/,Clash.for.Windows-0.20.10 代理软件,"Clash for Windows是电脑必备的代理工具软件。软件里有强大的功能，用起来会让你觉得很惊喜。你用的时候会觉得功能真的很强大，其强大的策略组可以让我们方便……
"
电脑软件,2023-04-06,https://ruanjianku.cloud/imagine/,Imagine 0.7.4 图片压缩,"Imagine，一款免费开源跨平台的用于压缩WebP、PNG、JPEG的PC端应用，软件具有简单友好的图形界面，简约大气，操作简单，几乎就是一键式操作了。软件支持webp、……
"
破解游戏,2023-04-04,https://ruanjianku.cloud/fengmo/,封魔少女マイサ,"这是一款非常好玩的二次元养成类游戏，手机游戏，玩起来很方便，随时随地都能打开游戏，这款游戏让你体验到不一样的游戏乐趣，画风精致，画面感很真实，代入感……
"
科学上网,2023-04-04,https://ruanjianku.cloud/anyivpn/,安易加速器 11天黄金会员版,"江湖流传一款速度快的VPN，使用任意邮箱注册（不验证邮箱）就送10天会员，安易加速器,稳定快速,安全保密,一键科学上网,免费体验不限流量的无日志高速VPN,安易……
"
安卓资源,2023-04-08,https://ruanjianku.cloud/zidian/,橘子视频 Ver.5.6.0 去广告版.,"橘子视频是一款视频播放软件，软件内拥有各种各样的视频资源，用户可以通过软件进行直播和影视的播放，使用非常的简单，简约的界面设计，播放速度流畅。乐享网……
"
安卓资源,2023-04-08,https://ruanjianku.cloud/ddmj/,哆哆美剧 Ver.2.1.4 去广告版,"哆哆美剧app是一款以美剧为主的多媒体视频播放器，同时这里还有精彩丰富的国产剧，韩剧，泰剧，日剧等内容，去除了广告，同时字幕版更新快，让你看剧追番更轻……
"
安卓资源,2023-04-08,https://ruanjianku.cloud/qnjsq/,全能计算器(All-In-One Calculator Pro) v2.2.6 解锁专业版,"全能计算器是一款集计算器、科学计算器、分数计算器、汇率换算、亲戚计算器、房贷计算器、五险一金、日期计算器、进制转换、理财计算、自定义公式、单位换算、……
"
安卓资源,2023-04-07,https://ruanjianku.cloud/taobao/,淘宝app谷歌版 10.22 华为定制版 v9.20 纯净无启动广告,"淘宝app华为定制版是专门为华为手机用户量身打造的。其在保留淘宝原有特色的同时，更加贴近华为用户的使用习惯和需求。华为定制版充分利用了华为手机硬件性能……
"
电脑软件,2023-04-07,https://ruanjianku.cloud/potplayer/,PotPlayer v1.7.21901 去广告绿色版,"potplayer就不多做介绍了，可以说是最牛逼的播放器了，解码强大，博主一直在用！今天分享的是PotPlayer v1.7.21589 正式版！电脑上必备的播放软件。
&nbsp;
&……
"
安卓资源,2023-04-07,https://ruanjianku.cloud/litiaotao/,李跳跳 2.2 自动跳过广告神器|支持安卓12,"说实话，软件适当内置广告，很多用户都能接受，毕竟官方也要恰饭。可问题是，某些APP各种骚操作，甚至有点流氓，极大影响使用体验。所以今天要给大家分享这款……
"
安卓资源,2023-04-06,https://ruanjianku.cloud/taiji-2/,太极工具箱 v1.0.9,"作为8度软件库的粉丝，很多都是玩机高手，对于捣腾软件其实是一种很大的乐趣。我们在生活工作中，时常会为了满足实现某些功能，而下载各种各样不同功能的软件……
"
安卓资源,2023-04-06,https://ruanjianku.cloud/shuihejiu/,谁喝酒app v1.3 聚会必备,"玩游戏活跃气氛就成了大部分人的选择，谁喝酒app就是这么一款手机必备的聚会游戏集合神器，提供了多种玩法，炸弹骰，俄罗斯左轮手枪、抽扑克…等各种游戏。
&nb……
"
安卓资源,2023-04-06,https://ruanjianku.cloud/duolingguo/,多邻国app v5.97.2 解锁版,"软件可登录也可不登录，所以功能都可以使用。我看到除了其他国家语言之外，还有咱们非常知名的方言粤语，学习教程通俗易懂，每天花几分钟就可以很有效果的学习……
"
科学上网,2023-04-06,https://ruanjianku.cloud/clash/,Clash.for.Windows-0.20.10 代理软件,"Clash for Windows是电脑必备的代理工具软件。软件里有强大的功能，用起来会让你觉得很惊喜。你用的时候会觉得功能真的很强大，其强大的策略组可以让我们方便……
"
安卓资源,2023-04-09,https://ruanjianku.cloud/baohe/,宝盒tvbox改版 v2.0 播放器 支持多仓,"有些朋友觉得多仓功能很好，目前大概有三款比较不错的二次开发的tvbox类播放器，于是给大家找来其中一款给大家用一用。宝盒是基于开源软件tvbox的二次开发版本……
"
安卓资源,2023-04-09,https://ruanjianku.cloud/wps-office/,安卓 WPS Office v17.5 国际高级版,"WPS Office一站式办公服务平台,具有可兼容Word、Excel、PPT三大办公组件的不同格式,支持PDF文档的编辑与格式转换集成思维导图、流程图、表单等功能。
&nbsp;
……
"
电脑软件,2023-04-09,https://ruanjianku.cloud/360llq/,360浏览器 v14.1 去广告精简版,"览器是大家上网必备的工具之一，分享迷给大家分享过不少的pc端手机端的浏览器，这次给大家带来360浏览器的去广告优化版。360安全浏览器是基于Chromium内核的双……
"
安卓资源,2023-04-08,https://ruanjianku.cloud/zidian/,橘子视频 Ver.5.6.0 去广告版.,"橘子视频是一款视频播放软件，软件内拥有各种各样的视频资源，用户可以通过软件进行直播和影视的播放，使用非常的简单，简约的界面设计，播放速度流畅。乐享网……
"
安卓资源,2023-04-08,https://ruanjianku.cloud/ddmj/,哆哆美剧 Ver.2.1.4 去广告版,"哆哆美剧app是一款以美剧为主的多媒体视频播放器，同时这里还有精彩丰富的国产剧，韩剧，泰剧，日剧等内容，去除了广告，同时字幕版更新快，让你看剧追番更轻……
"
安卓资源,2023-04-08,https://ruanjianku.cloud/qnjsq/,全能计算器(All-In-One Calculator Pro) v2.2.6 解锁专业版,"全能计算器是一款集计算器、科学计算器、分数计算器、汇率换算、亲戚计算器、房贷计算器、五险一金、日期计算器、进制转换、理财计算、自定义公式、单位换算、……
"
安卓资源,2023-04-07,https://ruanjianku.cloud/taobao/,淘宝app谷歌版 10.22 华为定制版 v9.20 纯净无启动广告,"淘宝app华为定制版是专门为华为手机用户量身打造的。其在保留淘宝原有特色的同时，更加贴近华为用户的使用习惯和需求。华为定制版充分利用了华为手机硬件性能……
"
电脑软件,2023-04-07,https://ruanjianku.cloud/potplayer/,PotPlayer v1.7.21901 去广告绿色版,"potplayer就不多做介绍了，可以说是最牛逼的播放器了，解码强大，博主一直在用！今天分享的是PotPlayer v1.7.21589 正式版！电脑上必备的播放软件。
&nbsp;
&……
"
安卓资源,2023-04-07,https://ruanjianku.cloud/litiaotao/,李跳跳 2.2 自动跳过广告神器|支持安卓12,"说实话，软件适当内置广告，很多用户都能接受，毕竟官方也要恰饭。可问题是，某些APP各种骚操作，甚至有点流氓，极大影响使用体验。所以今天要给大家分享这款……
"
安卓资源,2023-04-06,https://ruanjianku.cloud/taiji-2/,太极工具箱 v1.0.9,"作为8度软件库的粉丝，很多都是玩机高手，对于捣腾软件其实是一种很大的乐趣。我们在生活工作中，时常会为了满足实现某些功能，而下载各种各样不同功能的软件……
"
安卓资源,2023-04-10,https://ruanjianku.cloud/qnjsq/,全能计算器(All-In-One Calculator Pro) v2.2.6 解锁专业版,"全能计算器是一款集计算器、科学计算器、分数计算器、汇率换算、亲戚计算器、房贷计算器、五险一金、日期计算器、进制转换、理财计算、自定义公式、单位换算、……
"
安卓资源,2023-04-09,https://ruanjianku.cloud/baohe/,宝盒tvbox改版 v2.0 播放器 支持多仓,"有些朋友觉得多仓功能很好，目前大概有三款比较不错的二次开发的tvbox类播放器，于是给大家找来其中一款给大家用一用。宝盒是基于开源软件tvbox的二次开发版本……
"
安卓资源,2023-04-09,https://ruanjianku.cloud/wps-office/,安卓 WPS Office v17.5 国际高级版,"WPS Office一站式办公服务平台,具有可兼容Word、Excel、PPT三大办公组件的不同格式,支持PDF文档的编辑与格式转换集成思维导图、流程图、表单等功能。
&nbsp;
……
"
电脑软件,2023-04-09,https://ruanjianku.cloud/360llq/,360浏览器 v14.1 去广告精简版,"览器是大家上网必备的工具之一，分享迷给大家分享过不少的pc端手机端的浏览器，这次给大家带来360浏览器的去广告优化版。360安全浏览器是基于Chromium内核的双……
"
安卓资源,2023-04-08,https://ruanjianku.cloud/zidian/,橘子视频 Ver.5.6.0 去广告版.,"橘子视频是一款视频播放软件，软件内拥有各种各样的视频资源，用户可以通过软件进行直播和影视的播放，使用非常的简单，简约的界面设计，播放速度流畅。乐享网……
"
安卓资源,2023-04-08,https://ruanjianku.cloud/ddmj/,哆哆美剧 Ver.2.1.4 去广告版,"哆哆美剧app是一款以美剧为主的多媒体视频播放器，同时这里还有精彩丰富的国产剧，韩剧，泰剧，日剧等内容，去除了广告，同时字幕版更新快，让你看剧追番更轻……
"
安卓资源,2023-04-07,https://ruanjianku.cloud/taobao/,淘宝app谷歌版 10.22 华为定制版 v9.20 纯净无启动广告,"淘宝app华为定制版是专门为华为手机用户量身打造的。其在保留淘宝原有特色的同时，更加贴近华为用户的使用习惯和需求。华为定制版充分利用了华为手机硬件性能……
"
电脑软件,2023-04-07,https://ruanjianku.cloud/potplayer/,PotPlayer v1.7.21901 去广告绿色版,"potplayer就不多做介绍了，可以说是最牛逼的播放器了，解码强大，博主一直在用！今天分享的是PotPlayer v1.7.21589 正式版！电脑上必备的播放软件。
&nbsp;
&……
"
安卓资源,2023-04-07,https://ruanjianku.cloud/litiaotao/,李跳跳 2.2 自动跳过广告神器|支持安卓12,"说实话，软件适当内置广告，很多用户都能接受，毕竟官方也要恰饭。可问题是，某些APP各种骚操作，甚至有点流氓，极大影响使用体验。所以今天要给大家分享这款……
"
安卓资源,2023-04-06,https://ruanjianku.cloud/taiji-2/,太极工具箱 v1.0.9,"作为8度软件库的粉丝，很多都是玩机高手，对于捣腾软件其实是一种很大的乐趣。我们在生活工作中，时常会为了满足实现某些功能，而下载各种各样不同功能的软件……
"
破解游戏,2023-04-12,https://ruanjianku.cloud/fruit-ninja/,水果忍者经典版破解版 内购破解，不闪退，钻石随便买。,"水果忍者是一款非常经典好玩的切水果类休闲益智手游，自上线就来深受广大玩家们的喜爱，即使经过这么长时间的冲刷，依然有不少的用户在玩这款游戏。游戏的玩法……
"
安卓资源,2023-04-10,https://ruanjianku.cloud/qnjsq/,全能计算器(All-In-One Calculator Pro) v2.2.6 解锁专业版,"全能计算器是一款集计算器、科学计算器、分数计算器、汇率换算、亲戚计算器、房贷计算器、五险一金、日期计算器、进制转换、理财计算、自定义公式、单位换算、……
"
安卓资源,2023-04-09,https://ruanjianku.cloud/baohe/,宝盒tvbox改版 v2.0 播放器 支持多仓,"有些朋友觉得多仓功能很好，目前大概有三款比较不错的二次开发的tvbox类播放器，于是给大家找来其中一款给大家用一用。宝盒是基于开源软件tvbox的二次开发版本……
"
安卓资源,2023-04-09,https://ruanjianku.cloud/wps-office/,安卓 WPS Office v17.5 国际高级版,"WPS Office一站式办公服务平台,具有可兼容Word、Excel、PPT三大办公组件的不同格式,支持PDF文档的编辑与格式转换集成思维导图、流程图、表单等功能。
&nbsp;
……
"
电脑软件,2023-04-09,https://ruanjianku.cloud/360llq/,360浏览器 v14.1 去广告精简版,"览器是大家上网必备的工具之一，分享迷给大家分享过不少的pc端手机端的浏览器，这次给大家带来360浏览器的去广告优化版。360安全浏览器是基于Chromium内核的双……
"
安卓资源,2023-04-08,https://ruanjianku.cloud/zidian/,橘子视频 Ver.5.6.0 去广告版.,"橘子视频是一款视频播放软件，软件内拥有各种各样的视频资源，用户可以通过软件进行直播和影视的播放，使用非常的简单，简约的界面设计，播放速度流畅。乐享网……
"
安卓资源,2023-04-08,https://ruanjianku.cloud/ddmj/,哆哆美剧 Ver.2.1.4 去广告版,"哆哆美剧app是一款以美剧为主的多媒体视频播放器，同时这里还有精彩丰富的国产剧，韩剧，泰剧，日剧等内容，去除了广告，同时字幕版更新快，让你看剧追番更轻……
"
安卓资源,2023-04-07,https://ruanjianku.cloud/taobao/,淘宝app谷歌版 10.22 华为定制版 v9.20 纯净无启动广告,"淘宝app华为定制版是专门为华为手机用户量身打造的。其在保留淘宝原有特色的同时，更加贴近华为用户的使用习惯和需求。华为定制版充分利用了华为手机硬件性能……
"
电脑软件,2023-04-07,https://ruanjianku.cloud/potplayer/,PotPlayer v1.7.21901 去广告绿色版,"potplayer就不多做介绍了，可以说是最牛逼的播放器了，解码强大，博主一直在用！今天分享的是PotPlayer v1.7.21589 正式版！电脑上必备的播放软件。
&nbsp;
&……
"
安卓资源,2023-04-07,https://ruanjianku.cloud/litiaotao/,李跳跳 2.2 自动跳过广告神器|支持安卓12,"说实话，软件适当内置广告，很多用户都能接受，毕竟官方也要恰饭。可问题是，某些APP各种骚操作，甚至有点流氓，极大影响使用体验。所以今天要给大家分享这款……
"
破解游戏,2023-04-12,https://ruanjianku.cloud/fruit-ninja/,水果忍者经典版破解版 内购破解，不闪退，钻石随便买。,"水果忍者是一款非常经典好玩的切水果类休闲益智手游，自上线就来深受广大玩家们的喜爱，即使经过这么长时间的冲刷，依然有不少的用户在玩这款游戏。游戏的玩法……
"
安卓资源,2023-04-10,https://ruanjianku.cloud/qnjsq/,全能计算器(All-In-One Calculator Pro) v2.2.6 解锁专业版,"全能计算器是一款集计算器、科学计算器、分数计算器、汇率换算、亲戚计算器、房贷计算器、五险一金、日期计算器、进制转换、理财计算、自定义公式、单位换算、……
"
安卓资源,2023-04-09,https://ruanjianku.cloud/baohe/,宝盒tvbox改版 v2.0 播放器 支持多仓,"有些朋友觉得多仓功能很好，目前大概有三款比较不错的二次开发的tvbox类播放器，于是给大家找来其中一款给大家用一用。宝盒是基于开源软件tvbox的二次开发版本……
"
安卓资源,2023-04-09,https://ruanjianku.cloud/wps-office/,安卓 WPS Office v17.5 国际高级版,"WPS Office一站式办公服务平台,具有可兼容Word、Excel、PPT三大办公组件的不同格式,支持PDF文档的编辑与格式转换集成思维导图、流程图、表单等功能。
&nbsp;
……
"
电脑软件,2023-04-09,https://ruanjianku.cloud/360llq/,360浏览器 v14.1 去广告精简版,"览器是大家上网必备的工具之一，分享迷给大家分享过不少的pc端手机端的浏览器，这次给大家带来360浏览器的去广告优化版。360安全浏览器是基于Chromium内核的双……
"
安卓资源,2023-04-08,https://ruanjianku.cloud/zidian/,橘子视频 Ver.5.6.0 去广告版.,"橘子视频是一款视频播放软件，软件内拥有各种各样的视频资源，用户可以通过软件进行直播和影视的播放，使用非常的简单，简约的界面设计，播放速度流畅。乐享网……
"
安卓资源,2023-04-08,https://ruanjianku.cloud/ddmj/,哆哆美剧 Ver.2.1.4 去广告版,"哆哆美剧app是一款以美剧为主的多媒体视频播放器，同时这里还有精彩丰富的国产剧，韩剧，泰剧，日剧等内容，去除了广告，同时字幕版更新快，让你看剧追番更轻……
"
安卓资源,2023-04-07,https://ruanjianku.cloud/taobao/,淘宝app谷歌版 10.22 华为定制版 v9.20 纯净无启动广告,"淘宝app华为定制版是专门为华为手机用户量身打造的。其在保留淘宝原有特色的同时，更加贴近华为用户的使用习惯和需求。华为定制版充分利用了华为手机硬件性能……
"
电脑软件,2023-04-07,https://ruanjianku.cloud/potplayer/,PotPlayer v1.7.21901 去广告绿色版,"potplayer就不多做介绍了，可以说是最牛逼的播放器了，解码强大，博主一直在用！今天分享的是PotPlayer v1.7.21589 正式版！电脑上必备的播放软件。
&nbsp;
&……
"
安卓资源,2023-04-07,https://ruanjianku.cloud/litiaotao/,李跳跳 2.2 自动跳过广告神器|支持安卓12,"说实话，软件适当内置广告，很多用户都能接受，毕竟官方也要恰饭。可问题是，某些APP各种骚操作，甚至有点流氓，极大影响使用体验。所以今天要给大家分享这款……
"
破解游戏,2023-04-12,https://ruanjianku.cloud/fruit-ninja/,水果忍者经典版破解版 内购破解，不闪退，钻石随便买。,"水果忍者是一款非常经典好玩的切水果类休闲益智手游，自上线就来深受广大玩家们的喜爱，即使经过这么长时间的冲刷，依然有不少的用户在玩这款游戏。游戏的玩法……
"
安卓资源,2023-04-10,https://ruanjianku.cloud/qnjsq/,全能计算器(All-In-One Calculator Pro) v2.2.6 解锁专业版,"全能计算器是一款集计算器、科学计算器、分数计算器、汇率换算、亲戚计算器、房贷计算器、五险一金、日期计算器、进制转换、理财计算、自定义公式、单位换算、……
"
安卓资源,2023-04-09,https://ruanjianku.cloud/baohe/,宝盒tvbox改版 v2.0 播放器 支持多仓,"有些朋友觉得多仓功能很好，目前大概有三款比较不错的二次开发的tvbox类播放器，于是给大家找来其中一款给大家用一用。宝盒是基于开源软件tvbox的二次开发版本……
"
安卓资源,2023-04-09,https://ruanjianku.cloud/wps-office/,安卓 WPS Office v17.5 国际高级版,"WPS Office一站式办公服务平台,具有可兼容Word、Excel、PPT三大办公组件的不同格式,支持PDF文档的编辑与格式转换集成思维导图、流程图、表单等功能。
&nbsp;
……
"
电脑软件,2023-04-09,https://ruanjianku.cloud/360llq/,360浏览器 v14.1 去广告精简版,"览器是大家上网必备的工具之一，分享迷给大家分享过不少的pc端手机端的浏览器，这次给大家带来360浏览器的去广告优化版。360安全浏览器是基于Chromium内核的双……
"
安卓资源,2023-04-08,https://ruanjianku.cloud/zidian/,橘子视频 Ver.5.6.0 去广告版.,"橘子视频是一款视频播放软件，软件内拥有各种各样的视频资源，用户可以通过软件进行直播和影视的播放，使用非常的简单，简约的界面设计，播放速度流畅。乐享网……
"
安卓资源,2023-04-08,https://ruanjianku.cloud/ddmj/,哆哆美剧 Ver.2.1.4 去广告版,"哆哆美剧app是一款以美剧为主的多媒体视频播放器，同时这里还有精彩丰富的国产剧，韩剧，泰剧，日剧等内容，去除了广告，同时字幕版更新快，让你看剧追番更轻……
"
安卓资源,2023-04-07,https://ruanjianku.cloud/taobao/,淘宝app谷歌版 10.22 华为定制版 v9.20 纯净无启动广告,"淘宝app华为定制版是专门为华为手机用户量身打造的。其在保留淘宝原有特色的同时，更加贴近华为用户的使用习惯和需求。华为定制版充分利用了华为手机硬件性能……
"
电脑软件,2023-04-07,https://ruanjianku.cloud/potplayer/,PotPlayer v1.7.21901 去广告绿色版,"potplayer就不多做介绍了，可以说是最牛逼的播放器了，解码强大，博主一直在用！今天分享的是PotPlayer v1.7.21589 正式版！电脑上必备的播放软件。
&nbsp;
&……
"
安卓资源,2023-04-07,https://ruanjianku.cloud/litiaotao/,李跳跳 2.2 自动跳过广告神器|支持安卓12,"说实话，软件适当内置广告，很多用户都能接受，毕竟官方也要恰饭。可问题是，某些APP各种骚操作，甚至有点流氓，极大影响使用体验。所以今天要给大家分享这款……
"
破解游戏,2023-04-12,https://ruanjianku.cloud/fruit-ninja/,水果忍者经典版破解版 内购破解，不闪退，钻石随便买。,"水果忍者是一款非常经典好玩的切水果类休闲益智手游，自上线就来深受广大玩家们的喜爱，即使经过这么长时间的冲刷，依然有不少的用户在玩这款游戏。游戏的玩法……
"
安卓资源,2023-04-10,https://ruanjianku.cloud/qnjsq/,全能计算器(All-In-One Calculator Pro) v2.2.6 解锁专业版,"全能计算器是一款集计算器、科学计算器、分数计算器、汇率换算、亲戚计算器、房贷计算器、五险一金、日期计算器、进制转换、理财计算、自定义公式、单位换算、……
"
安卓资源,2023-04-09,https://ruanjianku.cloud/baohe/,宝盒tvbox改版 v2.0 播放器 支持多仓,"有些朋友觉得多仓功能很好，目前大概有三款比较不错的二次开发的tvbox类播放器，于是给大家找来其中一款给大家用一用。宝盒是基于开源软件tvbox的二次开发版本……
"
安卓资源,2023-04-09,https://ruanjianku.cloud/wps-office/,安卓 WPS Office v17.5 国际高级版,"WPS Office一站式办公服务平台,具有可兼容Word、Excel、PPT三大办公组件的不同格式,支持PDF文档的编辑与格式转换集成思维导图、流程图、表单等功能。
&nbsp;
……
"
电脑软件,2023-04-09,https://ruanjianku.cloud/360llq/,360浏览器 v14.1 去广告精简版,"览器是大家上网必备的工具之一，分享迷给大家分享过不少的pc端手机端的浏览器，这次给大家带来360浏览器的去广告优化版。360安全浏览器是基于Chromium内核的双……
"
安卓资源,2023-04-08,https://ruanjianku.cloud/zidian/,橘子视频 Ver.5.6.0 去广告版.,"橘子视频是一款视频播放软件，软件内拥有各种各样的视频资源，用户可以通过软件进行直播和影视的播放，使用非常的简单，简约的界面设计，播放速度流畅。乐享网……
"
安卓资源,2023-04-08,https://ruanjianku.cloud/ddmj/,哆哆美剧 Ver.2.1.4 去广告版,"哆哆美剧app是一款以美剧为主的多媒体视频播放器，同时这里还有精彩丰富的国产剧，韩剧，泰剧，日剧等内容，去除了广告，同时字幕版更新快，让你看剧追番更轻……
"
安卓资源,2023-04-07,https://ruanjianku.cloud/taobao/,淘宝app谷歌版 10.22 华为定制版 v9.20 纯净无启动广告,"淘宝app华为定制版是专门为华为手机用户量身打造的。其在保留淘宝原有特色的同时，更加贴近华为用户的使用习惯和需求。华为定制版充分利用了华为手机硬件性能……
"
电脑软件,2023-04-07,https://ruanjianku.cloud/potplayer/,PotPlayer v1.7.21901 去广告绿色版,"potplayer就不多做介绍了，可以说是最牛逼的播放器了，解码强大，博主一直在用！今天分享的是PotPlayer v1.7.21589 正式版！电脑上必备的播放软件。
&nbsp;
&……
"
安卓资源,2023-04-07,https://ruanjianku.cloud/litiaotao/,李跳跳 2.2 自动跳过广告神器|支持安卓12,"说实话，软件适当内置广告，很多用户都能接受，毕竟官方也要恰饭。可问题是，某些APP各种骚操作，甚至有点流氓，极大影响使用体验。所以今天要给大家分享这款……
"
破解游戏,2023-04-12,https://ruanjianku.cloud/fruit-ninja/,水果忍者经典版破解版 内购破解，不闪退，钻石随便买。,"水果忍者是一款非常经典好玩的切水果类休闲益智手游，自上线就来深受广大玩家们的喜爱，即使经过这么长时间的冲刷，依然有不少的用户在玩这款游戏。游戏的玩法……
"
安卓资源,2023-04-10,https://ruanjianku.cloud/qnjsq/,全能计算器(All-In-One Calculator Pro) v2.2.6 解锁专业版,"全能计算器是一款集计算器、科学计算器、分数计算器、汇率换算、亲戚计算器、房贷计算器、五险一金、日期计算器、进制转换、理财计算、自定义公式、单位换算、……
"
安卓资源,2023-04-09,https://ruanjianku.cloud/baohe/,宝盒tvbox改版 v2.0 播放器 支持多仓,"有些朋友觉得多仓功能很好，目前大概有三款比较不错的二次开发的tvbox类播放器，于是给大家找来其中一款给大家用一用。宝盒是基于开源软件tvbox的二次开发版本……
"
安卓资源,2023-04-09,https://ruanjianku.cloud/wps-office/,安卓 WPS Office v17.5 国际高级版,"WPS Office一站式办公服务平台,具有可兼容Word、Excel、PPT三大办公组件的不同格式,支持PDF文档的编辑与格式转换集成思维导图、流程图、表单等功能。
&nbsp;
……
"
电脑软件,2023-04-09,https://ruanjianku.cloud/360llq/,360浏览器 v14.1 去广告精简版,"览器是大家上网必备的工具之一，分享迷给大家分享过不少的pc端手机端的浏览器，这次给大家带来360浏览器的去广告优化版。360安全浏览器是基于Chromium内核的双……
"
安卓资源,2023-04-08,https://ruanjianku.cloud/zidian/,橘子视频 Ver.5.6.0 去广告版.,"橘子视频是一款视频播放软件，软件内拥有各种各样的视频资源，用户可以通过软件进行直播和影视的播放，使用非常的简单，简约的界面设计，播放速度流畅。乐享网……
"
安卓资源,2023-04-08,https://ruanjianku.cloud/ddmj/,哆哆美剧 Ver.2.1.4 去广告版,"哆哆美剧app是一款以美剧为主的多媒体视频播放器，同时这里还有精彩丰富的国产剧，韩剧，泰剧，日剧等内容，去除了广告，同时字幕版更新快，让你看剧追番更轻……
"
安卓资源,2023-04-07,https://ruanjianku.cloud/taobao/,淘宝app谷歌版 10.22 华为定制版 v9.20 纯净无启动广告,"淘宝app华为定制版是专门为华为手机用户量身打造的。其在保留淘宝原有特色的同时，更加贴近华为用户的使用习惯和需求。华为定制版充分利用了华为手机硬件性能……
"
电脑软件,2023-04-07,https://ruanjianku.cloud/potplayer/,PotPlayer v1.7.21901 去广告绿色版,"potplayer就不多做介绍了，可以说是最牛逼的播放器了，解码强大，博主一直在用！今天分享的是PotPlayer v1.7.21589 正式版！电脑上必备的播放软件。
&nbsp;
&……
"
安卓资源,2023-04-07,https://ruanjianku.cloud/litiaotao/,李跳跳 2.2 自动跳过广告神器|支持安卓12,"说实话，软件适当内置广告，很多用户都能接受，毕竟官方也要恰饭。可问题是，某些APP各种骚操作，甚至有点流氓，极大影响使用体验。所以今天要给大家分享这款……
"
破解游戏,2023-04-12,https://ruanjianku.cloud/fruit-ninja/,水果忍者经典版破解版 内购破解，不闪退，钻石随便买。,"水果忍者是一款非常经典好玩的切水果类休闲益智手游，自上线就来深受广大玩家们的喜爱，即使经过这么长时间的冲刷，依然有不少的用户在玩这款游戏。游戏的玩法……
"
安卓资源,2023-04-10,https://ruanjianku.cloud/qnjsq/,全能计算器(All-In-One Calculator Pro) v2.2.6 解锁专业版,"全能计算器是一款集计算器、科学计算器、分数计算器、汇率换算、亲戚计算器、房贷计算器、五险一金、日期计算器、进制转换、理财计算、自定义公式、单位换算、……
"
安卓资源,2023-04-09,https://ruanjianku.cloud/baohe/,宝盒tvbox改版 v2.0 播放器 支持多仓,"有些朋友觉得多仓功能很好，目前大概有三款比较不错的二次开发的tvbox类播放器，于是给大家找来其中一款给大家用一用。宝盒是基于开源软件tvbox的二次开发版本……
"
安卓资源,2023-04-09,https://ruanjianku.cloud/wps-office/,安卓 WPS Office v17.5 国际高级版,"WPS Office一站式办公服务平台,具有可兼容Word、Excel、PPT三大办公组件的不同格式,支持PDF文档的编辑与格式转换集成思维导图、流程图、表单等功能。
&nbsp;
……
"
电脑软件,2023-04-09,https://ruanjianku.cloud/360llq/,360浏览器 v14.1 去广告精简版,"览器是大家上网必备的工具之一，分享迷给大家分享过不少的pc端手机端的浏览器，这次给大家带来360浏览器的去广告优化版。360安全浏览器是基于Chromium内核的双……
"
安卓资源,2023-04-08,https://ruanjianku.cloud/zidian/,橘子视频 Ver.5.6.0 去广告版.,"橘子视频是一款视频播放软件，软件内拥有各种各样的视频资源，用户可以通过软件进行直播和影视的播放，使用非常的简单，简约的界面设计，播放速度流畅。乐享网……
"
安卓资源,2023-04-08,https://ruanjianku.cloud/ddmj/,哆哆美剧 Ver.2.1.4 去广告版,"哆哆美剧app是一款以美剧为主的多媒体视频播放器，同时这里还有精彩丰富的国产剧，韩剧，泰剧，日剧等内容，去除了广告，同时字幕版更新快，让你看剧追番更轻……
"
安卓资源,2023-04-07,https://ruanjianku.cloud/taobao/,淘宝app谷歌版 10.22 华为定制版 v9.20 纯净无启动广告,"淘宝app华为定制版是专门为华为手机用户量身打造的。其在保留淘宝原有特色的同时，更加贴近华为用户的使用习惯和需求。华为定制版充分利用了华为手机硬件性能……
"
电脑软件,2023-04-07,https://ruanjianku.cloud/potplayer/,PotPlayer v1.7.21901 去广告绿色版,"potplayer就不多做介绍了，可以说是最牛逼的播放器了，解码强大，博主一直在用！今天分享的是PotPlayer v1.7.21589 正式版！电脑上必备的播放软件。
&nbsp;
&……
"
安卓资源,2023-04-07,https://ruanjianku.cloud/litiaotao/,李跳跳 2.2 自动跳过广告神器|支持安卓12,"说实话，软件适当内置广告，很多用户都能接受，毕竟官方也要恰饭。可问题是，某些APP各种骚操作，甚至有点流氓，极大影响使用体验。所以今天要给大家分享这款……
"
安卓资源,2023-04-18,https://ruanjianku.cloud/youziyingshi/,柚子影视v3.1.2纯净版,"汇聚了海量的优质影视动漫资源的追剧App，通过该软件你能实时观看最新最热门的影视番剧，高清流畅、可放心观看！拥有丰富的视频类型，包括美剧、韩剧、日剧、……
"
安卓资源,2023-04-18,https://ruanjianku.cloud/kuwoyinyue/,酷我音乐 v10.3.8.2 修复2 豪华VIP安卓精简版,"酷我音乐拥有曲库量近2000万首，与100余家唱片公司签署独家代理版权，拥有海量歌曲，是手机听歌必备软件；但遗憾的是很多都是要会员才能听，今天就给大家分享……
"
安卓资源,2023-04-18,https://ruanjianku.cloud/mx-player/,MX player 1.63Pro去广告版 可做盒子播放器,"一直以来，在播放器里面，电脑端大家最熟知的、使用最多的恐怕就是potplayer了，potplayer确实很强大，不过一直只有电脑版。如今移动端或者说电视端对播放器的……
"
安卓资源,2023-04-18,https://ruanjianku.cloud/lekan/,乐看视频 v15.5.4 VIP版 支持投屏,"乐看视频是一款专注于蓝光画质的聚合影视搜索引擎APP，提供高质量的追剧体验。软件原版优质路线需要VIP或者需要观看广告，此版本：解锁VIP线路，无须观看广告……
"
破解游戏,2023-04-12,https://ruanjianku.cloud/fruit-ninja/,水果忍者经典版破解版 内购破解，不闪退，钻石随便买。,"水果忍者是一款非常经典好玩的切水果类休闲益智手游，自上线就来深受广大玩家们的喜爱，即使经过这么长时间的冲刷，依然有不少的用户在玩这款游戏。游戏的玩法……
"
安卓资源,2023-04-10,https://ruanjianku.cloud/qnjsq/,全能计算器(All-In-One Calculator Pro) v2.2.6 解锁专业版,"全能计算器是一款集计算器、科学计算器、分数计算器、汇率换算、亲戚计算器、房贷计算器、五险一金、日期计算器、进制转换、理财计算、自定义公式、单位换算、……
"
安卓资源,2023-04-09,https://ruanjianku.cloud/baohe/,宝盒tvbox改版 v2.0 播放器 支持多仓,"有些朋友觉得多仓功能很好，目前大概有三款比较不错的二次开发的tvbox类播放器，于是给大家找来其中一款给大家用一用。宝盒是基于开源软件tvbox的二次开发版本……
"
安卓资源,2023-04-09,https://ruanjianku.cloud/wps-office/,安卓 WPS Office v17.5 国际高级版,"WPS Office一站式办公服务平台,具有可兼容Word、Excel、PPT三大办公组件的不同格式,支持PDF文档的编辑与格式转换集成思维导图、流程图、表单等功能。
&nbsp;
……
"
电脑软件,2023-04-09,https://ruanjianku.cloud/360llq/,360浏览器 v14.1 去广告精简版,"览器是大家上网必备的工具之一，分享迷给大家分享过不少的pc端手机端的浏览器，这次给大家带来360浏览器的去广告优化版。360安全浏览器是基于Chromium内核的双……
"
安卓资源,2023-04-08,https://ruanjianku.cloud/zidian/,橘子视频 Ver.5.6.0 去广告版.,"橘子视频是一款视频播放软件，软件内拥有各种各样的视频资源，用户可以通过软件进行直播和影视的播放，使用非常的简单，简约的界面设计，播放速度流畅。乐享网……
"
